SWIFT CODE;NAME;ADDRESS
AAISALTRXXX;UNITED BANK OF ALBANIA SH.A;HYRJA 3 RR. DRITAN HOXHA ND. 11 TIRANA, TIRANA, 1023
ABIEBGS1XXX;ABV INVESTMENTS LTD;TSAR ASEN 20  VARNA, VARNA, 9002
ADCRBGS1XXX;ADAMANT CAPITAL PARTNERS AD;JAMES BOURCHIER BLVD 76A HILL TOWER SOFIA, SOFIA, 1421
AFAAUYM1XXX;AFINIDAD A.F.A.P.S.A.;PLAZA INDEPENDENCIA 743  MONTEVIDEO, MONTEVIDEO, 11000
AGRIMCM1XXX;CREDIT AGRICOLE MONACO (CRCA PROVENCE COTE D'AZUR MONACO);23 BOULEVARD PRINCESSE CHARLOTTE  MONACO, MONACO, 98000
AIPOPLP1XXX;SANTANDER CONSUMER BANK SPOLKA AKCYJNA;STRZEGOMSKA 42C  WROCLAW, DOLNOSLASKIE, 53-611
AIZKLV22XXX;ABLV BANK, AS IN LIQUIDATION;MIHAILA TALA STREET 1  RIGA, RIGA, LV-1045
AKBKMTMTXXX;AKBANK T.A.S. (MALTA BRANCH);FLOOR 6, PORTOMASO BUSINESS TOWER 01 PORTOMASO PTM - ST. JULIAN'S ST. JULIAN'S, STJ 4011
ALBPPLP1BMW;ALIOR BANK SPOLKA AKCYJNA;  WARSZAWA, MAZOWIECKIE
ALBPPLPWXXX;ALIOR BANK SPOLKA AKCYJNA;LOPUSZANSKA BUSINESS PARK LOPUSZANSKA 38 D WARSZAWA, MAZOWIECKIE, 02-232
ANIBAWA1XXX;AIB BANK NV;WILHELMINASTRAAT 36  - ORANJESTAD ORANJESTAD-WEST AND ORANJESTAD-EAST 
ANTLUYM1XXX;ANTEL;GUATEMALA 1075  MONTEVIDEO, MONTEVIDEO, 11800
APSBMTMTXXX;APS BANK PLC.;APS CENTRE TOWER STREET BIRKIRKARA, BIRKIRKARA, BKR 4012
ARUBAWAXXXX;ARUBA BANK, LTD;CAMACURI 12  - ORANJESTAD ORANJESTAD-WEST AND ORANJESTAD-EAST 
ATISMTM1XXX;JESMOND MIZZI FINANCIAL ADVISORS LIMITED;ABATE RIGORD STREET  TA'XBIEX, TA'XBIEX, XBX 1120
AVJCBGS1XXX;AVAL IN JSC;TODOR ALEKSANDROV BLVD 73 FLOOR 1 SOFIA, SOFIA, 1303
BAERMCMCXXX;BANK JULIUS BAER (MONACO) S.A.M.;12 BOULEVARD DES MOULINS  MONACO, MONACO, 98000
BAPDBGS1XXX;BALKAN ADVISORY COMPANY-IP EAD;SQ. POZITANO 9  SOFIA, SOFIA, 1000
BARCMCC1XXX;BARCLAYS BANK S.A;31 AVENUE DE LA COSTA  MONACO, MONACO, 98000
BARCMCMXXXX;BARCLAYS BANK PLC MONACO;31 AVENUE DE LA COSTA  MONACO, MONACO, 98000
BBVAUYMMXXX;BANCO BILBAO VIZCAYA ARGENTARIA URUGUAY S.A.;25 DE MAYO, ESQUINA ZAQBALA 401  MONTEVIDEO, MONTEVIDEO, 11000
BCCSCLR1XXX;BCI CORREDOR DE BOLSA S.A.;  
BCECCLRFXXX;BANCO CENTRAL DE CHILE;  
BCECCLRMXXX;BANCO CENTRAL DE CHILE;  
BCGMMCM1XXX;BNP PARIBAS WEALTH MANAGEMENT MONACO;27 BOULEVARD PRINCESSE CHARLOTTE  MONACO, MONACO, 98000
BCHICLR10R2;BANCO DE CHILE;  
BCHICLR10R3;BANCO DE CHILE;21 DE MAYO 330  ARICA, PROVINCIA DE ARICA, 1000000
BCHICLR10R4;BANCO DE CHILE;  
BCHICLR10R5;BANCO DE CHILE;  
BCHICLR10R6;BANCO DE CHILE;  
BCHICLR10R7;BANCO DE CHILE;  
BCHICLR10R8;BANCO DE CHILE;  
BCHICLR10RA;BANCO DE CHILE;  
BCHICLR10RC;BANCO DE CHILE;  
BCHICLR10RV;BANCO DE CHILE;  
BCHICLR10RY;BANCO DE CHILE;  
BCHICLRMEXP;BANCO DE CHILE;  
BCHICLRMIMP;BANCO DE CHILE;  
BCHICLRMIOB;BANCO DE CHILE;  
BCHICLRMXXX;BANCO DE CHILE;  
BCOSCLR1XXX;BANCHILE CORREDORES DE BOLSA S.A.;AGUSTINAS 975, FLOOR 2 CASA MATRIZ BANCO DE CHILE - SANTIAGO PROVINCIA DE SANTIAGO, 8320000
BCRCBGS1XXX;BCRA - CREDIT RATING AGENCY;EVLOGI GEORGIEV 95 FLOOR 1 SOFIA, SOFIA, 1142
BECHCLRMXXX;BANCO DEL ESTADO DE CHILE;  
BEDMPLP1XXX;DOM MAKLERSKI BDM S.A.;STOJALOWSKIEGO 7  BIELSKO BIALA, SLASKIE, 43-300
BELDPLP1XXX;BANK SPOLDZIELCZY W BELSKU DUZYM;UL.NOCZNICKIEGO 3  BELSK DUZY, MAZOWIECKIE, 05-622
BERLMCMCXXX;EDMOND DE ROTHSCHILD-MONACO;LES TERRASSES, CARLO 2 AVENUE DE MONTE MONACO, MONACO, 98000
BGUSBGSFXXX;BULGARIAN-AMERICAN CREDIT BANK;SLAVYANSKA STR 2  SOFIA, SOFIA, 1000
BHUMUYM1XXX;BANCO HIPOTECARIO DEL URUGUAY;FERNANDEZ CRESPO 1508  MONTEVIDEO, MONTEVIDEO, 11200
BICECLRMXXX;BANCO BICE;  
BICHCLRMXXX;BANCO INTERNACIONAL;  
BIEZPLP1XXX;BANK SPOLDZIELCZY W BIEZUNIU;ZAMOJSKIEGO 27  BIEZUN, MAZOWIECKIE, 09-320
BIGBPLPWCUS;BANK MILLENNIUM S.A.;HARMONY CENTER UL. STANISLAWA ZARYNA 2A WARSZAWA, MAZOWIECKIE, 02-593
BIGBPLPWXXX;BANK MILLENNIUM S.A.;HARMONY CENTER UL. STANISLAWA ZARYNA 2A WARSZAWA, MAZOWIECKIE, 02-593
BISPPLP1XXX;BANK INICJATYW SPOLECZNO-EKONOMICZNYCH S.A.;DUBOIS STREET 5 A  WARSZAWA, MAZOWIECKIE, 00-184
BJSBMCMXLCO;BANQUE J. SAFRA SARASIN (MONACO) SA;  MONACO, MONACO, 98000
BJSBMCMXXXX;BANQUE J. SAFRA SARASIN (MONACO) SA;LE BELLE EPOQUE 15BIS/17 AVENUE D'OSTENDE MONACO, MONACO, 98000
BKSACLRM055;SCOTIABANK CHILE;  
BKSACLRM061;SCOTIABANK CHILE;  
BKSACLRM064;SCOTIABANK CHILE;21 DE MAYO 187  ARICA, PROVINCIA DE ARICA, 1000000
BKSACLRM068;SCOTIABANK CHILE;  
BKSACLRMXXX;SCOTIABANK CHILE;AVENIDA COSTANERA SUR 2710, FLOOR 10 EDIFICIO PARQUE TITANIUM SANTIAGO, PROVINCIA DE SANTIAGO
BLICCLRMXXX;HSBC BANK (CHILE);AVENIDA ISIDORA GOYENECHEA 2800 FLOOR 23 LAS CONDES - SANTIAGO PROVINCIA DE SANTIAGO, 8320000
BLICUYMMXXX;HSBC BANK (URUGUAY) S.A.;RINCON 391 FLOOR 3 MONTEVIDEO, MONTEVIDEO, 11000
BLPBLV21XXX;AS BALTIJAS PRIVATBANKA;SIA MONO KATLAKALNA ST. 1 RIGA, RIGA, LV-1017
BMDNPLP1XXX;DNB BANK POLSKA SPOLKA AKCYJNA;ZEROMSKIEGO 75  RADOM, MAZOWIECKIE, 26-600
BNBGBGSDXXX;BULGARIAN NATIONAL BANK - BGN;ALEXANDER BATTENBERG SQUARE 1  SOFIA, SOFIA, 1000
BNBGBGSFXXX;BULGARIAN NATIONAL BANK;ALEXANDER BATTENBERG SQUARE 1  SOFIA, SOFIA, 1000
BNIFMTMTXXX;BNF BANK PLC (FORMERLY BANIF BANK MALTA);FLOOR 2 203 RUE D'ARGENS GZIRA, GZIRA, GZR 1368
BNPABGSXXXX;BNP PARIBAS S.A.-SOFIA BRANCH;MLADOST 4 BUSINESS PARK SOFIA BUILDING 14, FLOOR 1, RESIDENTIAL SOFIA, SOFIA, 1766
BNPAMCM1XXX;BNP PARIBAS;  MONACO, MONACO, 98000
BNPAPLPXXXX;BNP PARIBAS S.A. BRANCH IN POLAND;UL. WRONIA 31  WARSZAWA, MAZOWIECKIE, 00-846
BOFACLR1XXX;BANK OF AMERICA, S.A. SANTIAGO;  
BPBIBGSFSEC;EUROBANK BULGARIA AD;  SOFIA, SOFIA
BPBIBGSFXXX;EUROBANK BULGARIA AD;OKOLOVRASTEN PAT STR 260  SOFIA, SOFIA, 1766
BPHKPLP1BMK;BANK BPH SA;  KRAKOW, MALOPOLSKIE
BPHKPLPKCUS;BANK BPH SA;UL. CYPRIANA KAMILA NORWIDA 1  GDANSK, POMORSKIE, 80-280
BPHKPLPKXXX;BANK BPH SA;UL. CYPRIANA KAMILA NORWIDA 1  GDANSK, POMORSKIE, 80-280
BPKOPLPWBIA;PKO BANK POLSKI S.A.;TYSIACLECIA PANSTWA POLSKIEGO 6  BIALYSTOK, PODLASKIE, 15-111
BPKOPLPWCSD;PKO BANK POLSKI S.A.;  WARSZAWA, MAZOWIECKIE
BPKOPLPWGDG;PKO BANK POLSKI S.A.;SWIETOJANSKA 17  GDYNIA, POMORSKIE, 71-368
BPKOPLPWGOA;PKO BANK POLSKI S.A.;KOSYNIEROW GDYNSKICH 79  - GORZOW WIELKOPOLSKI, LUBUSKIE, 66-400 
BPKOPLPWKAB;PKO BANK POLSKI S.A.;DAMROTA 23  KATOWICE, SLASKIE, 40-022
BPKOPLPWKRD;PKO BANK POLSKI S.A.;OSIEDLE KOSCIUSZKOWSKIE 1  KRAKOW, MALOPOLSKIE, 31-858
BPKOPLPWLDA;PKO BANK POLSKI S.A.;PIOTRKOWSKA STREET 173  LODZ, LODZKIE, 90-959
BPKOPLPWLUA;PKO BANK POLSKI S.A.;WATYKANSKA 7  LUBLIN, LUBELSKIE, 20-538
BPKOPLPWOLS;PKO BANK POLSKI S.A.;KOSCIUSZKI STREET 89/91 OLSZTYN, WARMINSKO-MAZURSKIE 10-584
BPKOPLPWPOA;PKO BANK POLSKI S.A.;GORDA WILDA 109  POZNAN, WIELKOPOLSKIE, 60-959
BPKOPLPWTDH;PKO BANK POLSKI S.A.;PULAWSKA STREET 16  WARSZAWA, MAZOWIECKIE, 02-515
BPKOPLPWTOB;PKO BANK POLSKI S.A.;PLAC TEATRALNY 4  - BYDGOSZCZ KUJAWSKO-POMORSKIE, 85-950 
BPKOPLPWWAA;PKO BANK POLSKI S.A.;SIENKIEWICZA 12/14  WARSZAWA, MAZOWIECKIE, 00-944
BPKOPLPWWRD;PKO BANK POLSKI S.A.;WITA STWOSZA 12  WROCLAW, DOLNOSLASKIE, 50-950
BPKOPLPWXXX;PKO BANK POLSKI S.A.;UL. PULAWSKA 15  WARSZAWA, MAZOWIECKIE, 02-515
BPPBMCMCXXX;BNP PARIBAS WEALTH MANAGEMENT MONACO;15-17 AVENUE D'OSTENDE  MONACO, MONACO, 98000
BPSOUYM1XXX;BANCO DE PREVISION SOCIAL;FERNANDEZ CRESPO 1621  MONTEVIDEO, MONTEVIDEO, 11200
BREXPLPWBIA;MBANK S.A. (FORMERLY BRE BANK S.A.);UL. SWIETOJANSKA 15  BIALYSTOK, PODLASKIE, 15-277
BREXPLPWBIB;MBANK S.A. (FORMERLY BRE BANK S.A.);PLAC WOLNOSCI 7  BIELSKO BIALA, SLASKIE, 43-300
BREXPLPWBYD;MBANK S.A. (FORMERLY BRE BANK S.A.);GRODZKA 19-21  - BYDGOSZCZ KUJAWSKO-POMORSKIE, 85-109 
BREXPLPWCUS;MBANK S.A. (FORMERLY BRE BANK S.A.);CYBERNETYKI 7A  WARSZAWA, MAZOWIECKIE, 02-677
BREXPLPWCZE;MBANK S.A. (FORMERLY BRE BANK S.A.);JASNOGORSKA 79  CZESTOCHOWA, SLASKIE, 42-217
BREXPLPWGDA;MBANK S.A. (FORMERLY BRE BANK S.A.);JANA Z KOLNA 11  GDANSK, POMORSKIE, 80-864
BREXPLPWGDY;MBANK S.A. (FORMERLY BRE BANK S.A.);SLASKA 47  GDYNIA, POMORSKIE, 81-310
BREXPLPWGOR;MBANK S.A. (FORMERLY BRE BANK S.A.);PRZEMYSLOWA 2  - GORZOW WIELKOPOLSKI, LUBUSKIE, 66-400 
BREXPLPWKAL;MBANK S.A. (FORMERLY BRE BANK S.A.);FRYDERYKA CHOPINA 26/28  KALISZ, WIELKOPOLSKIE, 62-800
BREXPLPWKAT;MBANK S.A. (FORMERLY BRE BANK S.A.);POWSTANCOW 43  KATOWICE, SLASKIE, 40-024
BREXPLPWKIE;MBANK S.A. (FORMERLY BRE BANK S.A.);IX WIEKOW KIELC 4  KIELCE, SWIETOKRZYSKIE, 25-516
BREXPLPWKOS;MBANK S.A. (FORMERLY BRE BANK S.A.);OKRZEI 3  - KOSZALIN ZACHODNIOPOMORSKIE, 75-203 
BREXPLPWKRA;MBANK S.A. (FORMERLY BRE BANK S.A.);AUGUSTIANSKA 15  KRAKOW, MALOPOLSKIE, 31-064
BREXPLPWLOD;MBANK S.A. (FORMERLY BRE BANK S.A.);JANA KILINSKIEGO 74  LODZ, LODZKIE, 90-119
BREXPLPWLUB;MBANK S.A. (FORMERLY BRE BANK S.A.);SPOKOJNA 2  LUBLIN, LUBELSKIE, 20-074
BREXPLPWMBK;MBANK S.A. (FORMERLY BRE BANK S.A.);SKRYTKA POCZTOWA 2108  LODZ, LODZKIE, 90-959
BREXPLPWMUL;MBANK S.A. (FORMERLY BRE BANK S.A.);SKRYTKA POCZTOWA 2108  LODZ, LODZKIE, 90-959
BREXPLPWNWS;MBANK S.A. (FORMERLY BRE BANK S.A.);PRAZMOWSKIEGO 11  NOWY SACZ, MALOPOLSKIE, 33-300
BREXPLPWOLS;MBANK S.A. (FORMERLY BRE BANK S.A.);PILSUDSKIEGO 44A  - OLSZTYN WARMINSKO-MAZURSKIE, 10-450 
BREXPLPWOPO;MBANK S.A. (FORMERLY BRE BANK S.A.);KSIAZAT OPOLSKICH 29  OPOLE, OPOLSKIE, 45-005
BREXPLPWPOZ;MBANK S.A. (FORMERLY BRE BANK S.A.);ROOSEVELTA 22  POZNAN, WIELKOPOLSKIE, 60-829
BREXPLPWRCO;MBANK S.A. (FORMERLY BRE BANK S.A.);POWSTANCOW 43  KATOWICE, SLASKIE, 40-024
BREXPLPWRYB;MBANK S.A. (FORMERLY BRE BANK S.A.);RUDZKA 3  RYBNIK, RYBNIK, 44-200
BREXPLPWRZE;MBANK S.A. (FORMERLY BRE BANK S.A.);SOKOLA 6  RZESZOW, PODKARPACKIE, 35-010
BREXPLPWSZC;MBANK S.A. (FORMERLY BRE BANK S.A.);ZBOZOWA 4  - SZCZECIN ZACHODNIO-POMORSKIE, 70-653 
BREXPLPWTOR;MBANK S.A. (FORMERLY BRE BANK S.A.);BYDGOSKA 1  TORUN, KUJAWSKO-POMORSKIE, 87-100
BREXPLPWWA1;MBANK S.A. (FORMERLY BRE BANK S.A.);UL. SENATORSKA 18  WARSZAWA, MAZOWIECKIE, 00-950
BREXPLPWWA2;MBANK S.A. (FORMERLY BRE BANK S.A.);UL. DOMANIEWSKA 44  WARSZAWA, MAZOWIECKIE, 02-672
BREXPLPWWA3;MBANK S.A. (FORMERLY BRE BANK S.A.);OSTROBRAMSKA 207  WARSZAWA, MAZOWIECKIE, 04-077
BREXPLPWWA4;MBANK S.A. (FORMERLY BRE BANK S.A.);AL.JEROZOLIMSKIE 174  WARSZAWA, MAZOWIECKIE, 02-486
BREXPLPWWAL;MBANK S.A. (FORMERLY BRE BANK S.A.);SIENKIEWICZA 2  WALBRZYCH, DOLNOSLASKIE, 58-300
BREXPLPWWRO;MBANK S.A. (FORMERLY BRE BANK S.A.);PL. JANA PAWLA II 9  WROCLAW, DOLNOSLASKIE, 50-136
BREXPLPWXXX;MBANK S.A. (FORMERLY BRE BANK S.A.);UL. PROSTA 18  WARSZAWA, MAZOWIECKIE, 00-850
BREXPLPWZIE;MBANK S.A. (FORMERLY BRE BANK S.A.);PLAC JANA MATEJKI 19  ZIELONA GORA, WIELKOPOLSKIE, 65-056
BROUUYMMXXX;BANCO DE LA REPUBLICA ORIENTAL DEL URUGUAY;CERRITO, ZABALA STREET 351  MONTEVIDEO, MONTEVIDEO, 11000
BSBAPLP1XXX;BANK SPOLDZIELCZY W BIALYMSTOKU;ZAMENHOFA 4  BIALYSTOK, PODLASKIE, 15-435
BSBGBGSFIOP;BORICA AD;  SOFIA, SOFIA
BSBGBGSFXXX;BORICA AD;TZAR BORIS III BLVD 41  SOFIA, SOFIA, 1612
BSBIPLP1XXX;BANK SPOLDZIELCZY W BIALOBRZEGACH;SZKOLNA 6  BIALOBRZEGI, MAZOWIECKIE, 26-800
BSCHCLR10R2;BANCO SANTANDER CHILE;  
BSCHCLR10R3;BANCO SANTANDER CHILE;21 DE MAYO 300  ARICA, PROVINCIA DE ARICA, 1000000
BSCHCLR10R4;BANCO SANTANDER CHILE;  
BSCHCLR10R5;BANCO SANTANDER CHILE;  
BSCHCLR10R6;BANCO SANTANDER CHILE;  
BSCHCLR10R7;BANCO SANTANDER CHILE;  
BSCHCLR10RA;BANCO SANTANDER CHILE;  
BSCHCLR10RB;BANCO SANTANDER CHILE;  
BSCHCLR10RD;BANCO SANTANDER CHILE;  
BSCHCLR10RE;BANCO SANTANDER CHILE;  
BSCHCLR10RF;BANCO SANTANDER CHILE;  
BSCHCLR10RG;BANCO SANTANDER CHILE;SUR 4 ORIENTE 1, 1098  TALCA, PROVINCIA DE TALCA, 3460000
BSCHCLR10RH;BANCO SANTANDER CHILE;  
BSCHCLR10RJ;BANCO SANTANDER CHILE;  
BSCHCLR10RK;BANCO SANTANDER CHILE;  
BSCHCLR10RL;BANCO SANTANDER CHILE;  
BSCHCLRMGST;BANCO SANTANDER CHILE;  
BSCHCLRMXXX;BANCO SANTANDER CHILE;  
BSCHUYMMXXX;BANCO SANTANDER;JULIO HERRERA Y OBES 1365  MONTEVIDEO, MONTEVIDEO, 11100
BSCLCLRMXXX;BANCO SECURITY;  
BSEMUYM1XXX;BANCO DE SEGUROS DEL ESTADO;MERCEDES 1051  MONTEVIDEO, MONTEVIDEO, 11100
BSGJPLP1XXX;BANK SPOLDZIELCZY W GROJCU;JATKOWA 3  GROJEC, MAZOWIECKIE, 05-600
BSGLPLP1XXX;BANK SPOLDZIELCZY W GLOWNIE;UL.MLYNARSKA 5/13  GLOWNO, POWIAT ZGIERSKI, 95-015
BSGOPLP1XXX;BANK SPOLDZIELCZY W GOWOROWIE;UL.KOSCIELNA 1  GOWOROWO, POWIAT OSTROLECKI, 07-440
BSGRPLP1XXX;BANK SPOLDZIELCZY W GRUDUSKU;PL.GRUNWALDU 4 A  GRUDUSK, MAZOWIECKIE, 06-460
BSKRPLP1XXX;BANK SPOLDZIELCZY W KROSNIEWICACH;UL.TORUNSKA 5  KROSNIEWICE, LODZKIE, 99-340
BSLCPLP1XXX;BANK SPOLDZIELCZY W LESZNOWOLI;UL.SLONECZNA 223  - LESZNOWOLA POWIAT PIASECZYNSKI, 05-506 
BSLPPLP1XXX;BANK SPOLDZIELCZY W LAPACH;UL.GEN.WL.SIKORSKIEGO 80  LAPY, PODLASKIE, 18-100
BSMLPLP1XXX;BANK SPOLDZIELCZY W MLAWIE;UL.SADOWA 3  MLAWA, MAZOWIECKIE, 06-500
BSPIPLP1XXX;BANK SPOLDZIELCZY W PIONKACH;PLAC KONSTYTUCJI MAJA 3, 4  PIONKI, MAZOWIECKIE, 26-670
BSRAPLP1XXX;BANK SPOLDZIELCZY W RACIAZU;UL.MLAWSKA 20A  RACIAZ, POWIAT PLONSKI, 09-140
BSRLPLP1XXX;BANK SPOLDZIELCZY RZEMIOSLA W LODZI;UL.MONIUSZKI 6  LODZ, LODZKIE, 90-111
BSSOPLP1XXX;BANK SPOLDZIELCZY W SOKOLACH;UL.GEN.WL.SIKORSKIEGO 12 SOKOLY, POWIAT WYSOKOMAZOWIECKI 18-218
BSSTPLP1XXX;BANK SPOLDZIELCZY W STRZYZOWIE;UL.WYZWOLENIA 6  STRZEGOWO, MAZOWIECKIE, 06-445
BSTRPLP1XXX;BANK SPOLDZIELCZY W TERESINIE;UL.SZYMANOWSKA 14  TERESIN, MAZOWIECKIE, 96-515
BSWPPLP1XXX;BANK SPOLDZIELCZY 'WSPOLNA PRACA' W KUTNIE;UL.BARLICKIEGO 33  KUTNO, LODZKIE, 99-300
BSWRPLP1XXX;BANK SPOLDZIELCZY W WARCE;WARSZAWSKA 5  WARKA, MAZOWIECKIE, 05-660
BSZLPLP1XXX;BANK SPOLDZIELCZY ZIEMI LOWICKIEJ W LOWICZU;STARY RYNEK 18  LOWICZ, LODZKIE, 99-400
BUINBGSFXXX;ALLIANZ BANK BULGARIA AD;SREBARNA 16 PARK LANE OFFICE CENTER, FLOOR 6 SOFIA, SOFIA, 1407
BUIVBG21XXX;BULEX INVEST PLC;PETAR PARCHEVICH 9  VARNA, VARNA, 9000
CAIXPLPWXXX;CAIXABANK, S.A. (SPOLKA AKCYJNA) ODDZIAL W POLSCE;UL. PROSTA 51  WARSZAWA, MAZOWIECKIE, 00-838
CAMCCLR1XXX;CASA DE MONEDA DE CHILE;  
CBARAWAWXXX;CENTRALE BANK VAN ARUBA;J.E. IRAUSQUIN 8  - ORANJESTAD ORANJESTAD-WEST AND ORANJESTAD-EAST 
CBBRLV22XXX;BLUOR BANK AS;SMILSU IELA 6  RIGA, RIGA, LV-1050
CBCUUYMFXXX;BANCO CENTRAL DEL URUGUAY;FABINI 777  MONTEVIDEO, MONTEVIDEO, 11100
CBCUUYMMFGD;BANCO CENTRAL DEL URUGUAY;  MONTEVIDEO, MONTEVIDEO
CBCUUYMMXXX;BANCO CENTRAL DEL URUGUAY;FLORIDA PAYSANDU MONTEVIDEO, MONTEVIDEO, 11000
CBOPPLP1XXX;BANK POLSKA KASA OPIEKI S.A.;WOLOSKA 18  WARSZAWA, MAZOWIECKIE, 02-675
CBSCCLR1XXX;SCOTIA AZUL CORREDORES DE BOLSA LIMITADA;  
CCBPMCM1XXX;BANQUE POPULAIRE MEDITERRANEE;SPORTING D'HIVER PLACE DU CASINO MONACO, MONACO, 98000
CCOACLR1XXX;BTG PACTUAL CHILE S.A. CORREDORES DE BOLSA;  
CDISALTRXXX;CREDINS BANK S.A.;VASO PASHA 8  TIRANA, TIRANA, 1019
CECBBGSFXXX;CENTRAL COOPERATIVE BANK PLC;TSARIGRADSKO SHOSE BLVD 87  SOFIA, SOFIA, 1113
CEDPBGSFXXX;CENTRAL DEPOSITORY AD;TRI USHI STREET 6  SOFIA, SOFIA, 1000
CELFCLR1XXX;BTG PACTUAL CHILE SA CORREDORES DE BOLSA;  
CESDMTM1XXX;CENTRAL SECURITIES DEPOSITORY, THE;27 PIETRO FLORIANI STREET  FLORIANA, IL-FURJANA, FRN 1060
CFACUYMMXXX;BANDES URUGUAY S.A.;ZABALA 1338  MONTEVIDEO, MONTEVIDEO, 11200
CFCOUYM1XXX;CENTRO FINANCIERO COOPERATIVO;SARANDI 402  MONTEVIDEO, MONTEVIDEO, 11000
CFMOMCMXXXX;CFM INDOSUEZ WEALTH;11 BOULEVARD ALBERT IER  MONACO, MONACO, 98012
CFPCCLR1XXX;CORPORACION FOMENTO DE LA PRODUCCION;  
CHASCLRMXXX;JPMORGAN CHASE BANK, N.A., SANTIAGO BRANCH;AV. APOQUINDO 2827, FLOOR 13 LAS CONDES - SANTIAGO, PROVINCIA DE SANTIAGO, 7590956
CISRMTM1XXX;W AND J COPPINI INVESTMENT SERVICES LIMITED;FLOOR 1 58 MERCHANTS STREET VALLETTA, VALLETTA, VLT 1173
CITIBGSFTRD;CITIBANK EUROPE PLC, BULGARIA BRANCH;SITNYAKOVO BLVD 48 SERDIKA OFFICES, FLOOR 10 SOFIA, SOFIA, 1505
CITIBGSFXXX;CITIBANK EUROPE PLC, BULGARIA BRANCH;SITNYAKOVO BLVD 48 SERDIKA OFFICES, FLOOR 10 SOFIA, SOFIA, 1505
CITIPLPXXXX;BANK HANDLOWY W WARSZAWIE SA;SENATORSKA 16  WARSZAWA, MAZOWIECKIE, 00-923
CITIUYMMCOL;CITIBANK N.A. URUGUAY;  COLONIA, COLONIA
CITIUYMMPDE;CITIBANK N.A. URUGUAY;  PUNTA DEL ESTE, MALDONADO, 20000
CITIUYMMXXX;CITIBANK N.A. URUGUAY;CERRITO 455 CIUDAD VIEJA MONTEVIDEO, MONTEVIDEO, 11000
CJNOUYM1XXX;CAJA NOTARIAL DE JUBILACIONES Y PENSIONES;18 DE JULIO 1730 FLOOR 10 MONTEVIDEO, MONTEVIDEO, 11200
CJPBUYM1XXX;CAJA DE JUBILACIONES Y PENSIONES BANCARIAS;CIRCUNVALACION DURANGO 314  MONTEVIDEO, MONTEVIDEO, 11000
CJPPUYM1XXX;CAJA DE PROFESIONALES UNIVERSITARIOS;ANDES 1521  MONTEVIDEO, MONTEVIDEO, 11100
CLSMMCM1XXX;CAPITALIA LUXEMBOURG S.A.;LES VILLAS DEL SOLE 47-49 BOULEVARD D'ITALIE MONACO, MONACO, 98007
CMBAAWAXXXX;CARIBBEAN MERCANTILE BANK N.V.;KAYA GILBERTO FRANCOIS CROES 53 ORANJESTAD, ORANJESTAD-WEST AND ORANJESTAD-EAST
CMBMMCMXXXX;CMB MONACO;17 AVENUE DES SPELUGUES  MONACO, MONACO, 98000
CMCIMCM1LYB;CM-CIC MONACO;26 BOULEVARD PRINCESSE CHARLOTTE  MONACO, MONACO, 98000
CMCIMCM1XXX;CM-CIC MONACO;RUE GRIMALDI  MONACO, MONACO, 98000
CMMDMCM1XXX;CREDIT MOBILIER DE MONACO;15 AVENUE DE GRANDE BRETAGNE  MONACO, MONACO, 98000
CNCCCLR1XXX;CORPORACION NACIONAL DEL COBRE DE CHILE;  
CNCOCLR1XXX;CONSORCIO CORREDORES DE BOLSA S.A.;EL BOSQUE SUR 130, FLOOR 13 EDIFICIO CONSORCIO - SANTIAGO PROVINCIA DE SANTIAGO, 8320000
COMEUYMMALL;SCOTIABANK URUGUAY S.A.;  MONTEVIDEO, MONTEVIDEO
COMEUYMMXXX;SCOTIABANK URUGUAY S.A.;MISIONES 1399  MONTEVIDEO, MONTEVIDEO, 11000
CONBCLRMXXX;BANCO ITAU CHILE;PRESIDENTE RIESCO 5537, FLOOR 7 EDIFICIO NUEVA LAS CONDES, LAS SANTIAGO, PROVINCIA DE SANTIAGO
COPAUYM1XXX;COPAB;DIAGONAL FABINI 777  MONTEVIDEO, MONTEVIDEO, 11100
COPXMTMTXXX;W AND J COPPINI AND CO;144 TOWER ROAD  SLIEMA, SLIEMA, SLM 1604
CRBAALTRXXX;BANKA OTP ALBANIA SH.A;  TIRANA, TIRANA
CREDCLRMXXX;BANCO DE CREDITO E INVERSIONES;  
CREXBGSFXXX;TOKUDA BANK AD;GEORG WASHINGTON 21  SOFIA, SOFIA, 1000
CRFVMTM1XXX;CRYSTAL FINANCE INVESTMENTS LTD.;6 FREEDOM SQUARE  VALLETTA, VALLETTA, VLT 1060
CRLYMCM1BAS;LCL (LE CREDIT LYONNAIS) MONACO;21 AVENUE DES BEAUX ARTS  MONACO, MONACO, 98000
CRLYMCM1CAE;LCL (LE CREDIT LYONNAIS) MONACO;1 AVENUE DES CITRONNIERS  MONACO, MONACO, 98000
CRLYMCM1FVI;LCL (LE CREDIT LYONNAIS) MONACO;13 AVENUE DU PRINCE HEREDITAIRE  MONACO, MONACO, 98000
CRLYMCM1LCM;LCL (LE CREDIT LYONNAIS) MONACO;7 AVENUE PRINCE PIERRE  MONACO, MONACO, 98000
CRLYMCM1LMO;LCL (LE CREDIT LYONNAIS) MONACO;PLACE DES MOULINS  MONACO, MONACO, 98000
CRLYMCM1MCA;LCL (LE CREDIT LYONNAIS) MONACO;2 AVENUE PRINCESSE ALICE  MONACO, MONACO, 98000
CRLYMCM1XXX;LCL (LE CREDIT LYONNAIS) MONACO;1 AVENUE DES CITRONNIERS  MONACO, MONACO, 98000
CRRBCLR1XXX;ITAU CORPBANCA CORREDORES DE BOLSA S.A.;  
CRSGMCM1XXX;CREDIT SUISSE ASSET MANAGEMENT;  MONACO, MONACO, 98000
CSSNPLP1XXX;CASPAR ASSET MANAGEMENT SPOLKA AKCYJNA;SZKOLNA 5/13  POZNAN, WIELKOPOLSKIE, 61-832
CTBEMTM1XXX;COMMBANK EUROPE LTD;FLOOR 3, STRAND TOWERS 36 THE STRAND SLIEMA, SLIEMA, SLM 1022
CTBSPLP1XXX;CTBS S.A.;CHLODNA 64  WARSZAWA, MAZOWIECKIE, 00-872
CUIMPLP1XXX;AVIVA INVESTORS POLAND SPOLKA AKCYJNA W LIKWIDACJI;UL. PROSTA 70  WARSZAWA, MAZOWIECKIE, 00-838
CULMPLP1XXX;WSCHODNI BANK SPOLDZIELCZY W CHELMIE;UL. DWORCOWA 5  CHELMNO, KUJAWSKO-POMORSKIE, 86-200
CURPMTM1XXX;CURMI AND PARTNERS LIMITED;FINANCE HOUSE PRINCESS ELIZABETH STR TA'XBIEX, TA'XBIEX, XBX 1102
DABAPLPWXXX;DANSKE BANK A/S S.A. ODZIAL W POLSCE;WSPOLNA 70  WARSZAWA, MAZOWIECKIE, 00-687
DBINMTM1XXX;D.B.R. INVESTMENTS LIMITED;DEBER NIGRET ROAD  ZURRIEQ, ZURRIEQ, ZRQ 3172
DCVVCLRMXXX;DEPOSITO CENTRAL DE VALORES S.A. DEPOSITO DE VALORES;  
DDPPPLP1XXX;DORADZTWO DLA POLSKICH PRZEDSIEBIORSTW SECURITIES S.A.;LOK. 313 PL. DABROWSKIEGO 1 WARSZAWA, MAZOWIECKIE, 00-057
DECVUYM1XXX;DEPOSITARIO CENTRAL DE VALORES;DIAGONAL FABINI 777  MONTEVIDEO, MONTEVIDEO, 11100
DEMIBGSFXXX;D COMMERCE BANK AD;GENERAL TOTLEBEN BLVD 8  SOFIA, SOFIA, 1606
DEUTPLPXXXX;DEUTSCHE BANK POLSKA S.A.;FOCUS BUILDING AL. ARMII LUDOWEJ 26 WARSZAWA, MAZOWIECKIE, 00-609
DEUTUYM1XXX;DEUTSCHE BANK (URUGUAY) SOCIEDAD ANONIMA INSTITUCION FINANCIERA EXTERNA;AVDA. LUIS DE HERRERA 1248 OF. 1902 MONTEVIDEO, MONTEVIDEO, 11300
DIBRPLP1XXX;MBANK SPOLKA AKCYJNA;WSPOLNA STREET 47/49  WARSZAWA, MAZOWIECKIE, 00-684
DMAFPLP1XXX;DOM MAKLERSKI AFS SP. Z O.O.;PANSKA CORNER PANSKA 73 WARSZAWA, MAZOWIECKIE, 00-834
DMOSPLP1XXX;DOM MAKLERSKI BANKU OCHRONY SRODOWISKA SA;MARSZALKOWSKA 78/80  WARSZAWA, MAZOWIECKIE, 00-517
DMPNPLP1XXX;NOBLE SECURITIES SPOLKA AKCYJNA;SZPITALNA 40  KRAKOW, MALOPOLSKIE, 31-024
DMTBPLP1XXX;DOM MAKLERSKI TMS BROKERS S.A.;MILLENNIUM PLAZA AL.JEROZOLIMSKIE 123 A WARSZAWA, MAZOWIECKIE, 02-017
DOINPLP1XXX;DOM INWESTYCYJNY NEHREBETIUS S.A.;RETORYKA 7  KRAKOW, MALOPOLSKIE, 31-108
DOMDPLP1XXX;IDM SPOLKA AKCYJNA W UPADLOSCI UKLADOWEJ;MAWY RYNEK 7  KRAKOW, MALOPOLSKIE, 31-041
DOMHPLP1XXX;DOM MAKLERSKI BANKU HANDLOWEGO SPOWKA AKCYJNA;UL. CHALUBINSKIEGO 8  WARSZAWA, MAZOWIECKIE, 00-613
DOMKPLP1XXX;BANK POLSKA KASA OPIEKI S.A.;WOLOSKA 18  WARSZAWA, MAZOWIECKIE, 02-675
DOMNPLP1XXX;DOM MAKLERSKI NAVIGATOR SA;KOSZYKOWA 54  WARSZAWA, MAZOWIECKIE, 00-675
DOMPPLP1XXX;DOM MAKLERSKI PENETRATOR SA;GREY HOUSE RYNEK GLOWNY 6 KRAKOW, MALOPOLSKIE, 31-042
DOMSPLP1XXX;DOM MAKLERSKI BANKU BPS S.A.;PLOCKA 9/11B  WARSZAWA, MAZOWIECKIE, 01-231
DSCBCLR1XXX;DEUTSCHE SECURITIES SPA;AVENIDA EL BOSQUE SUR 130, FLOOR 5 CONSORCIO - SANTIAGO, PROVINCIA DE SANTIAGO, 8320000
DZLKPLP1XXX;BANK SPOLDZIELCZY W DZIALDOWIE Z/S W LIDZBARKU;NOWY RYNEK 18  - LIDZBARK, POWIAT DZIALDOWSKI, 13-230 
EBOSPLPW005;BANK OCHRONY SRODOWISKA S.A.;  CZESTOCHOWA, SLASKIE
EBOSPLPW017;BANK OCHRONY SRODOWISKA S.A.;  WARSZAWA, MAZOWIECKIE
EBOSPLPW018;BANK OCHRONY SRODOWISKA S.A.;  BYDGOSZCZ, KUJAWSKO-POMORSKIE
EBOSPLPW021;BANK OCHRONY SRODOWISKA S.A.;  WROCLAW, DOLNOSLASKIE
EBOSPLPW034;BANK OCHRONY SRODOWISKA S.A.;  KOSZALIN, ZACHODNIOPOMORSKIE
EBOSPLPW047;BANK OCHRONY SRODOWISKA S.A.;  POZNAN, WIELKOPOLSKIE
EBOSPLPW050;BANK OCHRONY SRODOWISKA S.A.;  WLOCLAWEK, KUJAWSKO-POMORSKIE
EBOSPLPW063;BANK OCHRONY SRODOWISKA S.A.;  OLSZTYN, WARMINSKO-MAZURSKIE
EBOSPLPW076;BANK OCHRONY SRODOWISKA S.A.;  SZCZECIN, ZACHODNIOPOMORSKIE
EBOSPLPW089;BANK OCHRONY SRODOWISKA S.A.;  GDANSK, POMORSKIE
EBOSPLPW102;BANK OCHRONY SRODOWISKA S.A.;  WARSZAWA, MAZOWIECKIE
EBOSPLPW106;BANK OCHRONY SRODOWISKA S.A.;  KRAKOW, MALOPOLSKIE
EBOSPLPW119;BANK OCHRONY SRODOWISKA S.A.;  KATOWICE, SLASKIE
EBOSPLPW122;BANK OCHRONY SRODOWISKA S.A.;  RZESZOW, PODKARPACKIE
EBOSPLPW135;BANK OCHRONY SRODOWISKA S.A.;  LUBLIN, LUBELSKIE
EBOSPLPW157;BANK OCHRONY SRODOWISKA S.A.;  WARSZAWA, MAZOWIECKIE
EBOSPLPW199;BANK OCHRONY SRODOWISKA S.A.;  JELENIA GORA, DOLNOSLASKIE
EBOSPLPW210;BANK OCHRONY SRODOWISKA S.A.;  OBORNIKI , WIELKOPOLSKIE, 64-600
EBOSPLPW216;BANK OCHRONY SRODOWISKA S.A.;  BIALYSTOK, PODLASKIE
EBOSPLPW223;BANK OCHRONY SRODOWISKA S.A.;  OSTROW WIELKOPOLSKI, WIELKOPOLSKIE
EBOSPLPW229;BANK OCHRONY SRODOWISKA S.A.;  OPOLE, OPOLSKIE
EBOSPLPW232;BANK OCHRONY SRODOWISKA S.A.;  KONIN, WIELKOPOLSKIE
EBOSPLPW245;BANK OCHRONY SRODOWISKA S.A.;  LODZ, LODZKIE
EBOSPLPW252;BANK OCHRONY SRODOWISKA S.A.;  TARNOW, MALOPOLSKIE
EBOSPLPW258;BANK OCHRONY SRODOWISKA S.A.;  LEGNICA, DOLNOSLASKIE
EBOSPLPW261;BANK OCHRONY SRODOWISKA S.A.;  BIELSKO BIALA, SLASKIE
EBOSPLPW274;BANK OCHRONY SRODOWISKA S.A.;  ELBLAG, WARMINSKO-MAZURSKIE
EBOSPLPW287;BANK OCHRONY SRODOWISKA S.A.;  WARSZAWA, MAZOWIECKIE
EBOSPLPW290;BANK OCHRONY SRODOWISKA S.A.;  PLOCK, MAZOWIECKIE
EBOSPLPW304;BANK OCHRONY SRODOWISKA S.A.;  TORUN, KUJAWSKO-POMORSKIE
EBOSPLPWCHA;BANK OCHRONY SRODOWISKA S.A.;  CHELM, LUBELSKIE
EBOSPLPWKIA;BANK OCHRONY SRODOWISKA S.A.;  KIELCE, SWIETOKRZYSKIE
EBOSPLPWLOA;BANK OCHRONY SRODOWISKA S.A.;  LOMZA, PODLASKIE, 18-400
EBOSPLPWPIA;BANK OCHRONY SRODOWISKA S.A.;  PILA, WIELKOPOLSKIE, 64-920
EBOSPLPWSUA;BANK OCHRONY SRODOWISKA S.A.;  SUWALKI, PODLASKIE
EBOSPLPWXXX;BANK OCHRONY SRODOWISKA S.A.;UL. ZELAZNA 32  WARSZAWA, MAZOWIECKIE, 00-832
EBOSPLPWZAA;BANK OCHRONY SRODOWISKA S.A.;  ZAMOSC, LUBELSKIE
ECCVCLRMXXX;CCLV, CONTRAPARTE CENTRAL S.A.;  
EFGBMCMCXXX;EFG BANK (MONACO);VILLA DES AIGLES 15 AVENUE D'OSTENDE MONACO, MONACO, 98000
EKIRPLP1XXX;KRAJOWA IZBA ROZLICZENIOWA S.A. (KIR S.A.);PILECKIEGO ST. 65  WARSZAWA, MAZOWIECKIE, 02-781
ELTABGS1XXX;ELANA TRADING INC;LACHEZAR STANCHEV STR 5 SOPHARMA BUSINESS TOWERS, TOWER:B, FLOOR 12 SOFIA, SOFIA, 1756
EMPOALTRXXX;AMERICAN BANK OF INVESTMENTS S.A.;HYRJA 1 RRUGA E KAVAJES NDERTESA 27 TIRANA, TIRANA, 1001
ERMOMCM1XXX;BNP PARIBAS WEALTH MANAGEMENT MONACO;VILLA DES FLEURS 27 BOULEVARD PRINCESSE CHARLOTTE MONACO, MONACO, 98000
ERSPPLP1XXX;ERSTE SECURITIES POLSKA' SPOWKA AKCYJNA;SASKI CRESCENT UL. KROLEWSKA 16 WARSZAWA, MAZOWIECKIE, 00-103
ESSEPLPWXXX;SKANDINAVISKA ENSKILDA BANKEN AB, SPOLKA AKCYJNA, ODDZIAL W POLSCE;UL. ZELAZNA 51/53  WARSZAWA, MAZOWIECKIE, 00-841
ESSIPLPXXXX;HAITONG BANK S.A., SPOLKA AKCYJNA ODDZIAL W POLSCE;LUMEN ZACHODNI ZLOTA STREET 59, FLOOR 5 WARSZAWA, MAZOWIECKIE, 00-120
EXAEMTM1XXX;XNT LTD;PORTOMASO BUSINESS TOWER VJAL PORTOMASO - ST. JULIAN'S, ST JULIAN'S, STJ 3155
EXSRPLP1XXX;EXPRESS BANK SPOLDZIELCZY W RZESZOWIE;UL.KRAKOWSKA 12B/1A  RZESZOW, PODKARPACKIE, 35-111
FALACLRMXXX;BANCO FALABELLA;CALLE MONEDA 970, FLOOR 9 EDIFICIO EUROCENTRO - SANTIAGO, PROVINCIA DE SANTIAGO, 8320313
FBHLMTMTXXX;CREDIT EUROPE BANK N.V. MALTA BRANCH;143/2 TOWER ROAD  SLIEMA, SLIEMA, SLM 1604
FEFAALTRXXX;PROCREDIT BANK SH. A. ALBANIA (FORMERLY FEFAD BANK);H. 15 RRUGA DRITAN HOXHA, NJESIA BASHKIAKE 11 TIRANA, TIRANA, 1023
FFBHBGS1XXX;FIRST FINANCIAL BROKERAGE HOUSE LTD.;ENOS STREET 2  SOFIA, SOFIA, 1408
FFSMMTM1XXX;FEXSERV FINANCIAL SERVICES LIMITED;ALPINE HOUSE NAXXAR ROAD SAN GWANN, SAN GWANN, SGN 9032
FIIHMTM1XXX;FINACOM INVESTMENT HOUSE LIMITED;SUITE A, FLOOR 2, THE PARK LANE BUILDING MOUNTBATEN STREET G'MANGIA, G'MANGIA, HMR 1576
FIMBMTM3XXX;FIMBANK PLC;MERCURY TOWER ELIA ZAMMIT STREET ST. JULIAN'S, ST. JULIAN'S, STJ 3153
FINVALTRXXX;FIRST INVESTMENT BANK-ALBANIA SH.A;TWIN TOWERS NO.2 BLVD.DESHMORET E KOMBIT TIRANA, TIRANA, 1010
FINVBGSFXXX;FIRST INVESTMENT BANK AD;TSARIGRADSKO SHOSSE BOULEVARD 111 P  SOFIA, SOFIA, 1784
FITMPLP1XXX;FIRST INTERNATIONAL TRADERS DOM MAKLERSKI SA;AL. JANA PAWA II 15  WARSZAWA, MAZOWIECKIE, 00-828
FPLSMTM1XXX;FINANCIAL PLANNING SERVICES LIMITED;MARINA COURT 4 G. CALI STREET TA'XBIEX, TA'XBIEX, XBX 1027
FRIPCLR1XXX;FITCH CHILE CLASIFICADORA DE REISGO LTD;ALCANTARA 200, OF. 202 LAS CONDES SANTIAGO, PROVINCIA DE SANTIAGO 8320000
FRIPPLP1XXX;FITCH POLSKA SA;SASKI CRESCENT KROLEWSKA 16 WARSZAWA, MAZOWIECKIE, 00-103
FRIPUYM1XXX;FITCH URUGUAY CALIFICADORA RIESGO S.A.;CONVENCION 1490 AP. 201 MONTEVIDEO, MONTEVIDEO, 11100
FTLNCLRMXXX;TANNER SERVICIOS FINANCIEROS S.A.;  
FTRMMTM1XXX;FINCO TREASURY MANAGEMENT LIMITED;FLOOR 2, THE MALL COMPLEX  FLORIANA, IL-FURJANA, FRN 1470
GASBPLP1XXX;BANK SPOLDZIELCZY W GASOCINIE;UL.GLOWNA 23  GASOCIN, MAZOWIECKIE, 06-440
GBGCPLPKXXX;VELOBANK S.A.;THE WARSAW HUB RONDO I. DASZYNSKIEGO 2C WARSZAWA, MAZOWIECKIE, 00-843
GBWCPLPPXXX;SGB-BANK S.A. (FORMERLY GOSPODARCZY BANK WIELKOPOLSKI S.A.);UL. SZARYCH SZEREGOW 23A  POZNAN, WIELKOPOLSKIE, 60-462
GLFAMTM1XXX;GLOBALCAPITAL FINANCIAL MANAGEMENT LIMITED;120 THE STRAND  GZIRA, GZIRA, GZR 1027
GLFMMTM1XXX;GLOBALCAPITAL FINANCIAL MANAGEMENT LIMITED;OPERATIONS CENTRE BALZAN VALLEY ROAD BALZAN, BALZAN, BZN 1407
GLMKBGS1XXX;GLOBAL MARKETS;  SOFIA, SOFIA, 1816
GOSKPLPWXXX;BANK GOSPODARSTWA KRAJOWEGO;AL. JEROZOLIMSKIE 7  WARSZAWA, MAZOWIECKIE, 00-496
GROIMTM1XXX;GROWTH INVESTMENTS LIMITED;MIDDLE SEA HOUSE  FLORIANA, IL-FURJANA, FRN 1442
HABALV22XXX;SWEDBANK AS;BALASTA DAMBIS 1A  RIGA, RIGA, LV-1048
HAJNPLP1XXX;BANK SPOLDZIELCZY W HAJNOWCE;PILSUDSKIEGO 12  HAJNOWKA, PODLASKIE, 17-200
HANDPLPWXXX;SVENSKA HANDELSBANKEN AB SPOLKA AKCYJNA ODDZIAL W POLSCE;WOLOSKA 22  WARSZAWA, MAZOWIECKIE, 02-675
HOCIMTM1XXX;HOGG CAPITAL INVESTMENTS LIMITED;SUITE 33, REGENT HOUSE BISAZZA STREET SLIEMA, SLIEMA, SLM 1640
HSBCPLPWXXX;HSBC CONTINENTAL EUROPE (SA) ODDZIAL W POLSCE;RONDO ONZ 1  WARSZAWA, MAZOWIECKIE, 00-124
HSFMMTM1XXX;HSBC GLOBAL ASSET MANAGEMENT (MALTA) LIMITED;HEXAGON HOUSE SPENCER GARDENS BLATA IL-BAJDA, BLATA IL-BAJDA, BKR 3000
HYVEPLP2XXX;PEKAO BANK HIPOTECZNY SA;RENAISSANCE TOWER UL. SKIERNIEWICKA 10A WARSZAWA, MAZOWIECKIE, 01-230
IABGBGSFXXX;INTERNATIONAL ASSET BANK AD;TODOR ALEXANDROV BLVD 81-83  SOFIA, SOFIA, 1303
IAFAUYM1XXX;INTEGRACION A.F.A.P. S.A.;BVAR ARTIGAS 1253  MONTEVIDEO, MONTEVIDEO, 11200
IARUAWA1XXX;INTERBANK ARUBA NV;CAYA G.F. CROES 38  - ORANJESTAD ORANJESTAD-WEST AND ORANJESTAD-EAST 
ICCSCLR1XXX;ITAU CORPBANCA CORREDORES DE BOLSA S.A.;APOQUINDO 3457, FLOOR 1 EDIFICIO ITAU - SANTIAGO, PROVINCIA DE SANTIAGO, 8320000
ICPLPLP1XXX;INTERBANK FINANCIAL SERVICES SP. Z O.O.;SIENNA 73  WARSZAWA, MAZOWIECKIE, 00-833
IDMAPLP1XXX;VESTOR DOM MAKLERSKI S.A.;BUKOWIECKA 92  WARSZAWA, MAZOWIECKIE, 03-893
IIGBMTMTXXX;IIG BANK (MALTA) LTD;PORTOMASO BUSINESS TOWER PORTOMASO ST. JULIAN'S, ST. JULIAN'S, STJ 4011
IIMPPLP1XXX;NN INVESTMENT PARTNERS TOWARZYSTWO FUNDUSZY INWESTYCYJNYCH SPOLKA AKCYJNA;HOLLAND PARK PLAC TRZECH KRZYZY 10/14 WARSZAWA, MAZOWIECKIE, 00-499
IMIEAWA1XXX;IMTRADEX INTERNATIONAL N.V.;TANKI LENDEERT 143  - ORANJESTAD ORANJESTAD-WEST AND ORANJESTAD-EAST 
INGBBGSFXXX;ING BANK N.V. SOFIA BRANCH;BULGARIA BLVD 49B  SOFIA, SOFIA, 1404
INGBPLPWXXX;ING BANK SLASKI SA;UL. SOKOLSKA 34  KATOWICE, SLASKIE, 40-086
INTFBGSFXXX;ICARD AD;BUSINESS PARK VARNA B1  VARNA, VARNA, 9009
INUXUYM1XXX;INDUMEX S.A.;RINCON 477  MONTEVIDEO, MONTEVIDEO, 11000
IORTBGSFXXX;INVESTBANK JSC;BULGARIA BLVD 85  SOFIA, SOFIA, 1404
IPSEPLP1XXX;IPOPEMA SECURITIES S.A.;PROZNA 9  WARSZAWA, MAZOWIECKIE, 00-017
ITAUCLRMXXX;BANCO ITAU CHILE;PRESIDENTE RIESCO 5537, FLOOR 7 EDIFICIO NUEVA LAS CONDES, LAS SANTIAGO, PROVINCIA DE SANTIAGO
ITAUUYMMXXX;BANCO ITAU;DR. LUIS BONAVITA 1266  MONTEVIDEO, MONTEVIDEO, 11300
ITFIPLP1XXX;NN INVESTMENT PARTNERS TOWARZYSTWO FUNDUSZY INWESTYCYJNYCH SPOLKA AKCYJNA;HOLLAND PARK PLAC TRZECH KRZYZY 10/14 WARSZAWA, MAZOWIECKIE, 00-499
IVSEPLPPXXX;PLUS BANK S.A.;AL. STANOW ZJEDNOCZONYCH 61A  WARSZAWA, MAZOWIECKIE, 04-028
IZOLMTMTXXX;IZOLA BANK PLC;53-58 EAST STREET  VALLETTA, VALLETTA, VLT 1251
JMFSMTM1XXX;JESMOND MIZZI FINANCIAL SERVICES LIMITED;FLAT 3 67 SOUTH STREET VALLETTA, VALLETTA, VLT 1105
JSSILV21XXX;DUKASCOPY EUROPE IBS AS;LACPLESA 20A-1  RIGA, RIGA, LV-1011
KBLXMCMCXXX;BANQUE RICHELIEU MONACO;BRETAGNE 8 AVENUE DE GRANDE BRETAGNE MONACO, MONACO, 98005
KDPWPLPAXXX;NATIONAL DEPOSITORY FOR SECURITIES (KDPW SA);CENTRUM GIELDOWE KSIAZECA 4 WARSZAWA, MAZOWIECKIE, 00-498
KDPWPLPWXXX;KDPW S.A.;UL. KSIAZECA 4  WARSZAWA, MAZOWIECKIE, 00-498
KKSDLV21XXX;LATVIJAS ARODBIEDRIBU KRAJAIZDEVU SABIEDRIBA;TURGENEVA 14  RIGA, RIGA, LV-1050
KLESPLP1XXX;BANK SPOLDZIELCZY W KLESZCZOWIE;UL.GLOWNA 114  KLESZCZOW, LODZKIE, 97-410
KOPWPLP1KPW;KOMPANIA PIWOWARSKA S.A.;  POZNAN, WIELKOPOLSKIE
KOPWPLP1XXX;KOMPANIA PIWOWARSKA S.A.;UL. SZWAJCARSKA  POZNAN, WIELKOPOLSKIE, 61-285
KRSPPLPKXXX;KRAKOWSKI BANK SPOLDZIELCZY;RYNEK KLEPARSKI 8  KRAKOW, MALOPOLSKIE, 31-150
LACBLV2XXXX;BANK OF LATVIA;K. VALDEMARA STREET 2A  RIGA, RIGA, LV-1050
LAPBLV2XXXX;AS MAGNETIQ BANK;BRIVIBAS IELA 54  RIGA, RIGA, LV-1011
LARVCLR1XXX;LARRAIN VIAL;  
LBMAMTMTXXX;LOMBARD BANK MALTA PLC;LOMBARD HOUSE 67 REPUBLIC STREET VALLETTA, VALLETTA, VLT 1117
LCDELV22XXX;NASDAQ CSD SE;VALNU STREET 1  RIGA, RIGA, LV-1050
LFIKLV21XXX;AKCIJU SABIEDRIBA 'LATGALES FINANSU KOMPANIJA';KR. BARONA STREET 20/22 - 5  REZEKNE, REZEKNE, LV-4601
LIPNPLP1XXX;BANK SPOLDZIELCZY W LIPNIE;MICKIEWICZA 30A  LIPNO, POWIAT LIPNOWSKI, 87-600
LMARUYM1XXX;ALMAR S.A.;AV. 18 DE JULIO 1701  MONTEVIDEO, MONTEVIDEO, 11200
LPNSLV21XXX;STATE JOINT STOCK COMPANY LATVIJAS PASTS;LIDOSTA ZIEMELU IELA 10 RIGA, RIGA, LV-1053
LUMIBGS1XXX;BANK LEUMI ROMANIA-SOFIA BRANCH;POSITANO STREET 9 ENTRANCE A SOFIA, SOFIA, 1000
MAEAMCM1XXX;BANQUE MARTIN MAUREL;3 BOULEVARD PRINCESSE CHARLOTTE  MONACO, MONACO, 98003
MALTMTMTXXX;CENTRAL BANK OF MALTA;CASTILLE PLACE  VALLETTA, VALLETTA, VLT 1063
MBCBCLR1XXX;MBI CORREDORES DE BOLSA S.A.;AV. PRESIDENTE RIESCO 5711, OF 602 EDIFICIO HUIDOBRO - SANTIAGO PROVINCIA DE SANTIAGO, 8320000
MBWMMTMTXXX;MEDIRECT BANK (MALTA) PLC;FLOOR 1, THE CENTRE TIGNE POINT SLIEMA, SLIEMA, TPO 0001
MDMZPLP1XXX;MERCURIUS DOM MAKLERSKI SP. Z.O.O.;UL. SMIALA 26  WARSZAWA, MAZOWIECKIE, 01-523
MDOMPLP1XXX;MILLENNIUM DOM MAKLERSKI S.A.;MILLENNIUM PLAZA AL. JEROZOLIMSKIE 123 A WARSZAWA, MAZOWIECKIE, 02-017
MGFIMTM1XXX;MICHAEL GRECH FINANCIAL INVESTMENT SERVICES LIMITED;MICAN COURT 1 J.F. KENNEDY SQUARE, GOZO VICTORIA, GOZO, VCT 2580
MGRZPLP1XXX;BANK SPOLDZIELCZY W PRZYSUSZE;UL.GRODZKA 3  PRZYSUCHA, POWIAT PRZYSUSKI, 26-400
MHBFPLPWXXX;DNB BANK POLSKA S.A.;CROWN SQUARE PRZYOKOPOWA 31, FLOOR 9 WARSZAWA, MAZOWIECKIE, 01-208
MIFBALTRXXX;MINISTRY OF FINANCE OF ALBANIA;BLVD DESHMORET E KOMBIT 3  TIRANA, TIRANA, 1001
MLOBCLR1XXX;MERRILL LYNCH CORREDORES DE BOLSA S.A.;AV APOQUINDO 3500, FLOOR 9 LAS CONDES - SANTIAGO, PROVINCIA DE SANTIAGO, 8320000
MMEBMTM10M2;HSBC BANK MALTA P.L.C.;  QORMI, QORMI
MMEBMTMTXXX;HSBC BANK MALTA P.L.C.;116 ARCHBISHOP STREET  VALLETTA, VALLETTA, VLT 1444
MMSEMCM1XXX;ROTHSCHILD AND CO WEALTH MANAGEMENT MONACO;VILLA LA MADONE 11 BOULEVARD DES MOULINS MONACO, MONACO, 98000
MNEXCLRMXXX;BANCO CONSORCIO;AV EL BOSQUE SUR 130, FLOOR 7 CONSORCIO, LAS CONDES - SANTIAGO PROVINCIA DE SANTIAGO, 8320000
MSZCPLP1XXX;BANK SPOLDZIELCZY W MSZCZONOWIE;UL.WARSZAWSKA 5  MSZCZONOW, MAZOWIECKIE, 96-320
MULTLV2XXXX;AS INDUSTRA BANK;MUITAS IELA 1  RIGA, RIGA, LV-1010
NACNUYMMXXX;BANCO DE LA NACION ARGENTINA;JUAN CARLOS GOMEZ 1372  MONTEVIDEO, MONTEVIDEO, 11000
NASBBGSFXXX;BULGARIAN DEVELOPMENT BANK EAD;DYAKON IGNATIY STREET 1  SOFIA, SOFIA, 1000
NBPLPLPDXXX;NARODOWY BANK POLSKI;UL. SWIETOKRZYSKA 11/21  WARSZAWA, MAZOWIECKIE, 00-919
NBPLPLPWBAN;NARODOWY BANK POLSKI;  WARSZAWA, MAZOWIECKIE
NBPLPLPWKIR;NARODOWY BANK POLSKI;  WARSZAWA, MAZOWIECKIE
NBPLPLPWXXX;NARODOWY BANK POLSKI;SWIETOKRZYSKA 11-21  WARSZAWA, MAZOWIECKIE, 00-919
NCBAALTXXXX;BANKA KOMBETARE TREGTARE SH.A.;RRUGA E VILAVE, LUNDER 1  TIRANA, TIRANA, 1045
NORDMCM1XXX;CREDIT DU NORD;27 AVENUE DE LA COSTA  MONACO, MONACO, 98001
NOSWPLP1XXX;BANK SPOLDZIELCZY W NOWYM STAWIE;RYNEK PULASKIEGO 2  NOWY STAW, POMORSKIE, 82-230
ODMSPLP1XXX;OPERA DOM MAKLERSKI SPOWKA Z OGRANICZONA ODPOWIEDZIALNOSCIA;RONDO ONZ 1  WARSZAWA, MAZOWIECKIE, 00-124
OKBALV21XXX;OGRES KOMERCBANKA;E. BIRZNIEKA UPISHA STR. 12  RIGA, RIGA, LV-1050
OSTRPLP1XXX;BANK SPOLDZIELCZY W BRODNICY;UL.KILINSKIEGO 42  OSTROLEKA, MAZOWIECKIE, 07-410
PAEXLV21XXX;CITADELE BANKA, AKCIJU SABIEDRIBA;REPUBLIKAS SQUARE 2A  RIGA, RIGA, LV-1522
PAMBPLP1XXX;POLISH-AMERICAN MORTGAGE BANK INC.;UL KROLEWSKA 27  WARSZAWA, MAZOWIECKIE, 00-060
PARBPLPXXXX;BNP PARIBAS SECURITIES POLAND;UL. WRONIA 31  WARSZAWA, MAZOWIECKIE, 00-846
PARXLV22XXX;JSC CITADELE BANKA;REPUBLIKAS LAUKUMS 2A  RIGA, RIGA, LV-1010
PBSTPLP1XXX;POWIATOWY BANK SPOLDZIELCZY W TOMASZOWIE MAZOWIECKIM;PL.KAZIMIERZA WLK. 7  INOWLODZ, LODZKIE, 97-215
PCCACLRMXXX;COMBANC S.A.;CERRO COLORADO 5240, FLOOR 8 TORRE DEL PARQUE II - SANTIAGO, PROVINCIA DE SANTIAGO, 7560995
PDKFMTM1XXX;PDK FINANCIAL SERVICES LIMITED;ST. GEORGES ROAD  - ST. JULIAN'S ST. JULIAN'S, STJ 3208 
PKOPPLPWCUS;BANK POLSKA KASA OPIEKI SA - BANK PEKAO SA;ZUBRA 1, FLOOR 9  WARSZAWA, MAZOWIECKIE, 01-066
PKOPPLPWKRA;BANK POLSKA KASA OPIEKI SA - BANK PEKAO SA;JOSEPHA CONRADA STR 37  KRAKOW, MALOPOLSKIE, 31-357
PKOPPLPWXXX;BANK POLSKA KASA OPIEKI SA - BANK PEKAO SA;ZUBRA 1  WARSZAWA, WARSZAWA, 01-066
POCZPLP4XXX;POCZTOWY BANK SA;JAGIELLONSKA 17  - BYDGOSZCZ KUJAWSKO-POMORSKIE, 85-959 
PODSPLP1XXX;PODKARPACKI BANK SPOLDZIELCZY;UL. KOSCIUSZKI 22  SANOK, PODKARPACKIE, 38-500
POLUPLPRXXX;BANK POLSKIEJ SPOLDZIELCZOSCI SPOLKA AKCYJNA;UL. GRZYBOWSKA 81  WARSZAWA, MAZOWIECKIE, 00-844
POPOPLP1XXX;POCZTA POLSKA SPOLKA AKCYJNA;UL. RAKOWIECKA 26  WARSZAWA, MAZOWIECKIE, 00-940
POROPLP1XXX;THE POLISH REGISTRY OF ALLOWANCES;KRUCZA 5/11D  WARSZAWA, MAZOWIECKIE, 00-548
POSDPLP1XXX;POWIATOWY BANK SPOLDZIELCZY W KEDZIERZYNIE-KOZLU;UL. RYNEK 6A  - KEDZIERZYN-KOZLE POWIAT KEDZIERZYNSKO-KOZIELSKI 47-200
POSOMCM1XXX;BANCA POPOLARE DI SONDRIO (SUISSE) SA;3 RUE PRINCESSE FLORESTINE  MONACO, MONACO, 98011
PPABPLPKXXX;BNP PARIBAS BANK POLSKA S.A.;KASPRZAKA STREET 2  WARSZAWA, MAZOWIECKIE, 01-211
PRBACLR1XXX;BANCO DE LA PROVINCIA DE BUENOS AIRES;  
PRBAUYMMXXX;PROVINCIA CASA FINANCIERA;L A. DE HERRERA 1248 WORLD TRADE CENTER TORRE II, OF. 111 MONTEVIDEO, MONTEVIDEO, 13000
PRCBBGSFXXX;PROCREDIT BANK (BULGARIA) EAD;TODOR ALEXANDROV BLVD 26  SOFIA, SOFIA, 1303
PSATPLPWXXX;PROSERVICE FINTECO SP Z O.O.;KONSTRUKTORSKA 12A  WARSZAWA, MAZOWIECKIE, 02-673
PTFIPLP1XXX;PKO TOWARZYSTWO FUNDUSZY INWESTYCYJNYCH SA;UL GROJECKA 5  WARSZAWA, MAZOWIECKIE, 02-019
PUPPALTRXXX;BANKA OTP ALBANIA SH.A.;TWIN TOWERS 1ST TOWER BLVD.DESHMORET E KOMBIT TIRANA, TIRANA, 1010
PZUAPLP1XXX;PZU ASSET MANAGEMET SA;AL. JANA PAWLA II 24  WARSZAWA, MAZOWIECKIE, 00-133
RAFAUYM1XXX;REPUBLICA A.F.A.P. S.A.;18 DE JULIO 1883  MONTEVIDEO, MONTEVIDEO, 11200
RBTTAWAWXXX;RBC ROYAL BANK (ARUBA) N.V. (FORMERLY RBTT BANK ARUBA N.V.);ITALIESTRAAT 36  - ORANJESTAD ORANJESTAD-WEST AND ORANJESTAD-EAST 
REBCCLR1XXX;REDBANC S.A;  
RHBHPLPWXXX;MBANK HIPOTECZNY SA;PROSTA 18  WARSZAWA, MAZOWIECKIE, 00-850
RIBRLV22XXX;REGIONALA INVESTICIJU BANKA;J. ALUNANA 2  RIGA, RIGA, LV-1010
RIFSMTM1XXX;RIZZO FARRUGIA AND CO.(STOCKBROKERS) LIMITED;FLOOR 3, AIRWAYS HOUSE HIGH STREET SLIEMA, SLIEMA, SLM 1549
RIKOLV2XXXX;LUMINOR BANK AS LATVIAN BRANCH;SKANSTES STREET 12  RIGA, RIGA, LV-1013
RPLYCLRMXXX;BANCO RIPLEY;  
RTMBLV2XXXX;RIETUMU BANKA;VESETAS STREET 7  RIGA, RIGA, LV-1013
RTSXUYM1XXX;SISTEMA DE LIQUIDACION BRUTA EN TIEMPO REAL(LBTR);DIAGONAL FABINI 777  MONTEVIDEO, MONTEVIDEO, 11100
RZBBBGSFXXX;UNITED BULGARIAN BANK AD (FORMER KBC BANK BULGARIAEAD);VITOSHA BLVD. 89B MILLENNIUM CENTER SOFIA, SOFIA, 1463
SANMCLR1XXX;SANTANDER INVESTMENT S.A. CORREDORES DE BOLSA;BANDERA 140, FLOOR 16 LAS CONDES SANTIAGO, PROVINCIA DE SANTIAGO 8320000
SBELPLP1XXX;BANK SPOLDZIELCZY W BELCHATOWIE;UL.PILSUDSKIEGO 14  BELCHATOW, LODZKIE, 97-400
SBLEPLP1XXX;BRANIEWSKO - PASLECKI BANK SPOLDZIELCZY Z SIEDZIBAW PASLEKU;ZACISZE 14/16  ELBLAG, WARMINSKO-MAZURSKIE, 82-300
SCCUPLP1XXX;SANTANDER SECURITIES S.A.;FOCUS AL. ARMII LUDOWEJ 26 WARSZAWA, MAZOWIECKIE, 00-609
SECTCLR1850;SAMSUNG ELECTRONICS CHILE LIMITADA (LTDA);AVDA. AMERICO VESPUCIO SUR 100 OFICINA 102 LAS CONDES - SANTIAGO PROVINCIA DE SANTIAGO, 8320000
SECTCLR1XXX;SAMSUNG ELECTRONICS CHILE LIMITADA (LTDA);AVDA. AMERICO VESPUCIO SUR 100 OFICINA 102 LAS CONDES - SANTIAGO PROVINCIA DE SANTIAGO, 8320000
SECTLV21961;SAMSUNG ELECTRONICS BALTICS;FLOOR 6 DUNTES IELA 6 RIGA, RIGA, LV-1013
SECTLV21XXX;SAMSUNG ELECTRONICS BALTICS;FLOOR 6 DUNTES IELA 6 RIGA, RIGA, LV-1013
SECTPLP14D0;SAMSUNG ELECTRONICS POLSKA SPOLKA Z OGRANICZONA ODPOWIEDZIALNOSCIA;BUDYNEK UBC SZTURMOWA 442-742, 2A WARSZAWA, MAZOWIECKIE, 02-678
SECTPLP14N1;SAMSUNG ELECTRONICS POLSKA SPOLKA Z OGRANICZONA ODPOWIEDZIALNOSCIA;UL. MICKIEWICZA 52  WRONKI, WIELKOPOLSKIE, 64-510
SECTPLP1XXX;SAMSUNG ELECTRONICS POLSKA SPOLKA Z OGRANICZONA ODPOWIEDZIALNOSCIA;BUDYNEK UBC SZTURMOWA 442-742, 2A WARSZAWA, MAZOWIECKIE, 02-678
SEFMLV21XXX;SIA 'SEMFOPAY';DZIRNAVU STREET 57A-4  RIGA, RIGA, LV-1010
SESNPLP1XXX;SECUS ASSET MANAGEMENT SA;MILLENIUM PLAZA SOWINSKIEGO 46 KATOWICE, SLASKIE, 40-018
SEUAMCM1XXX;SECURITAS;ATHOS PALACE 2 RUE DE LA LUJERNETTA MONACO, MONACO, 98000
SGBTMCMCXXX;SOCIETE GENERALE PRIVATE BANKING (MONACO);IMMEUBLE LE REGINA 13-15 BOULEVARD DES MOULINS MONACO, MONACO, 98000
SGSBALTXXXX;RAIFFEISEN BANK SH.A.;RR 'DESHMORET E 4 SHKURTIT' 6  TIRANA, TIRANA, 1010
SGTMMCM1XXX;SOCIETE GENERALE PRIVATE BANKING (MONACO);13-15 BOULEVARD DES MOULINS  MONACO, MONACO, 98000
SHQHALT1XXX;POSTA SHQIPTARE SH.A.;POSTAVE DREJTORIA E PERGJITHSHME E RR.'RESHIT COLLAKU' 4 TIRANA, TIRANA, 1005
SKARPLP1XXX;BANK SPOLDZIELCZY W SKARYSZEWIE;UL.ZEROMSKIEGO 7A  SKARYSZEW, MAZOWIECKIE, 26-640
SLIPPLP1XXX;BANK SPOLDZIELCZY W LIPSKU;SANDOMIERSKA 8  LIPSKO, MAZOWIECKIE, 27-300
SMCTMCM1P02;SOCIETE MARSEILLAISE DE CREDIT;41 BD DES MOULINS  MONACO, MONACO, 98000
SMCTMCM1P04;SOCIETE MARSEILLAISE DE CREDIT;24 AV DE FONTVIEILLE  MONACO, MONACO, 98000
SMCTMCM1XXX;SOCIETE MARSEILLAISE DE CREDIT;45 RUE GRIMALDI  MONACO, MONACO, 98000
SOGEMCM1XXX;SOCIETE GENERALE MONTE CARLO (MONACO);PALAIS DE LA SCALA 16 AVENUE DE LA COSTA MONACO, MONACO, 98007
SOGEPLPWXXX;SOCIETE GENERALE SPOLKA AKCYJNA ODDZIAL W POLSCE;BUILDING B STUDIO OFFICE COMPLEX LUCKA STREET 9 WARSZAWA, MAZOWIECKIE, 00-842
SOMBBGSFXXX;MUNICIPAL BANK AD;VRABCHA STREET 6  SOFIA, SOFIA, 1000
SOPBPLP1XXX;BANK SPOLDZIELCZY TOWARZYSTWO OSZCZEDNOSCIOWO POZYCZKOWE PA CO BANK W PABIANICACH;UL.PULASKIEGO 8  PABIANICE, LODZKIE, 95-200
SPBNPLP1XXX;BANK SPOLDZIELCZY W BRANSKU;KOSCIUSZKI 2A  BRANSK, PODLASKIE, 17-120
SPBOPLP1XXX;BANK SPOLDZIELCZY W BRODNICY;KAMIONKA 27  - BRODNICA KUJAWSKO-POMORSKIE, 87-300 
SPCEPLP1XXX;BANK SPOWDZIELCZY W CZERSKU;UL. DR ZIELINSKIEGO 4  CZERSK, POMORSKIE, 89-650
SPCYPLP1XXX;BANK SPOLDZIELCZY W CHYNOWIE;CHYNOW 55 A  CHYNOW, POWIAT GROJECKI, 05-650
SPDDPLP1XXX;BANK SPOLDZIELCZY W KADZIDLE;KURPIOWSKA 10  KADZIDLO, POWIAT OSTROLECKI, 07-420
SPERPLP1XXX;BANK SPOLDZIELCZY W PRZEDBORZU;MOSTOWA 31  PRZEDBORZ, LODZKIE, 97-570
SPGBPLP1XXX;BANK SPOLDZIELCZY W GABINIE;DOBRZYKOWSKA 1  GABIN, MAZOWIECKIE, 09-530
SPGIPLP1XXX;BANK SPOLDZIELCZY W GLINOJECKU;UL.PLOCKA 14  GLINOJECK, MAZOWIECKIE, 06-450
SPHLPLP1XXX;BANK SPOLDZIELCZY W HALINOWIE;PILSUDSKIEGO 36  HALINOW, MAZOWIECKIE, 05-074
SPILPLP1XXX;BANK SPOLDZIELCZY W ILOWIE;UL. PLOCKA 4  ILOW, MAZOWIECKIE, 01-231
SPJEPLP1XXX;POLUDNIOWO-MAZOWIECKI BS W JEDLINSKU;WARECKA  JEDLINSK, SLASKIE, 26-660
SPMLPLP1XXX;BANK SPOLDZIELCZY W MALBORKU;MARCA 17, 32  MALBORK, POMORSKIE, 82-200
SPMPPLP1XXX;BANK SPOLDZIELCZY MAZOWSZE W PLOCKU;UL.WARMINSKA 12  PLOCK, MAZOWIECKIE, 09-408
SPNIPLP1XXX;BANK SPOLDZIELCZY W NASIELSKU;UL.KOSCIUSZKI 19  NASIELSK, MAZOWIECKIE, 05-190
SPOPPLP1XXX;BANK SPOLDZIELCZY W OPOCZNIE;PL.KOSCIUSZKI 3  OPOCZNO, LODZKIE, 26-300
SPPUPLP1XXX;BANK SPOLDZIELCZY W PULTUSKU;KOSCIUSZKI 1  PULTUSK, MAZOWIECKIE, 06-100
SPTOPLP1XXX;BANK SPOLDZIELCZY W TARNOBRZEGU;UL. SOKOLA 12  TARNOBRZEG, TARNOBRZEG, 39-400
SPWCPLP1XXX;BANK SPOLDZIELCZY W GLOWACZOWIE;BANKOWA 1  GLOWACZOW, MAZOWIECKIE, 26-903
SPWSPLP1XXX;BANK SPOLDZIELCZY W WISKITKACH;STRAZACKA 1  WISKITKI, MAZOWIECKIE, 96-315
SPYYPLP1XXX;KURPIOWSKI BANK SPOLDZIELCZY W MYSZYNCU;PLAC WOLNOSCI 56  - MYSZYNIEC POWIAT OSTROLECKI, 07-430 
SPZKPLP1XXX;BANK SPOLDZIELCZY RZEMIOSLA W KRAKOWIE;UL. DUNAJEWSKIEGO 7  KRAKOW, MALOPOLSKIE, 31-133
SPZOPLP1XXX;BANK SPOLDZIELCZY W ZWOLENIU;ALEJA JANA PAWLA II 25  ZWOLEN, MAZOWIECKIE, 26-700
SPZUPLP1XXX;BANK SPOLDZIELCZY W ZUROMINIE;PLAC WOLNOSCI 3  ZUROMIN, MAZOWIECKIE, 09-300
SSTYPLP1XXX;BANK SPOLDZIELCZY W STRYKOWIE;WARSZAWSKA 29  STRYKOW, POWIAT ZGIERSKI, 95-010
STANALTRXXX;BANK OF ALBANIA;SHESHI SKONDERBEJ 1  TIRANA, TIRANA, 1001
STIIPLP1XXX;BANK SPOLDZIELCZY W STAREJ BIALEJ;BIALA 24  STARA BIALA, MAZOWIECKIE, 09-411
STSABGSFXXX;DSK BANK (FORMERLY STATE SAVINGS BANK);MOSKOVSKA STREET 19  SOFIA, SOFIA, 1040
STSFBGS1XXX;BULBROKERS;CHERVENA STENA STR 1 FLOOR 2 OFFICE B-2, LOZENEC DISTRICT SOFIA, SOFIA, 1421
SURIUYMMXXX;BANQUE HERITAGE (URUGUAY) S.A.;RINCON 530  MONTEVIDEO, MONTEVIDEO, 11000
SUSRPLP1XXX;SUPREMA SECURITIES S.A.;CENTRUM JASNA JASNA 14/16A WARSZAWA, MAZOWIECKIE, 00-041
SZLLPLP1XXX;BANK SPOLDZIELCZY ZIEMI LECZYCKIEJ W LECZYCY;M.KONOPNICKIEJ 12  LECZYCA, LODZKIE, 99-100
SZTUPLP1XXX;VIENNA LIFE TOWARZYSTWO UBEZPIECZEN NA ZYCIE S.A. VIENNA INSURANCE GROUP;U.L. CYBERNETYKI 7  WARSZAWA, MAZOWIECKIE, 02-677
TBDMPLP1XXX;X-TRADE BROKERS DOM MAKLERSKI SPOWKA AKCYJNA;OGRODOWA STREET, CITY GATE 58, A FLOOR 12 WARSZAWA, MAZOWIECKIE, 00-786
TCZBBGSFXXX;T.C. ZIRAAT BANKASI - SOFIA BRANCH;TSAR SAMUIL STR. 87  SOFIA, SOFIA, 1000
TEGECLR1XXX;TESORERIA GENERAL DE LA REPUBLICA;  
TEXIBGSFXXX;TEXIM BANK AD;TODOR ALEXANDROV BLVD 117  SOFIA, SOFIA, 1303
TGBAMTMTXXX;GARANTI BANK, MALTA BRANCH;STRAND TOWERS 36 THE STRAND SLIEMA, SLIEMA, SLM 1022
TGENUYM1XXX;MINISTERIO DE ECONOMIA Y FINANZAS;COLONIA 1089  MONTEVIDEO, MONTEVIDEO, 11100
TIRBALTRXXX;TIRANA BANK;IBRAHIM RUGOVA STR  TIRANA, TIRANA, 1019
TPFSUYM1XXX;TPCG FINANCIAL SERVICES AGENTE DE VALORES S.A.;RUTA 8 17500 EDIFICIO 1, OFICINA 007, ZONAMERICA MONTEVIDEO, MONTEVIDEO, 91600
TRELLV22XXX;TREASURY OF THE REPUBLIC OF LATVIA, THE;SMILSU STREET 1  RIGA, RIGA, LV-1919
TROBCLR1XXX;CREDICORP CAPITAL ASSET MANAGEMENT S.A.ADMINISTRADORA GENERAL DE FONDO;AV APOQUINDO 3721, FLOOR 16 TORRE LAS CONDES - SANTIAGO, PROVINCIA DE SANTIAGO, 8320000
UAFAUYM1XXX;UNION-CAPITAL A.F.A.P.S.A.;SAN JOSE 1104  MONTEVIDEO, MONTEVIDEO, 11100
UBBSBGSFXXX;UNITED BULGARIAN BANK AD;VITOSHA BLVD 89B MILLENNIUM CENTER SOFIA, SOFIA, 1463
UBSWMCMXXXX;UBS (MONACO) S.A.;BRETAGNE 2 AVENUE DE GRANDE MONACO, MONACO, 98007
UNALALTRXXX;UNION BANK SH.A.;FLOOR 13 BULVARDI ZOGU I, KATESH PERBALLE STACIONIT TE TRENIT TIRANA, TIRANA, 1016
UNCRBGSF031;UNICREDIT BULBANK AD;MARIA LOUISA BLVD 2  SOFIA, SOFIA, 1558
UNCRBGSF081;UNICREDIT BULBANK AD;  
UNCRBGSF426;UNICREDIT BULBANK AD;MAKEDONIJA STREET 41  SOFIA, SOFIA, 1000
UNCRBGSF720;UNICREDIT BULBANK AD;VAZRAZHDANE BOULEVRD 37  PLOVDIV, PLOVDIV, 4018
UNCRBGSF733;UNICREDIT BULBANK AD;DR. PUSKIULEV STREET 1  VARNA, VARNA, 9000
UNCRBGSFXXX;UNICREDIT BULBANK AD;SVETA NEDELYA SQUARE 7  SOFIA, SOFIA, 1000
UNLALV2XXXX;SEB BANKA;SEB FINANCE CENTER MEISTARU 1, VALDLAUCI, KEKAVAS PAG RIGA, RIGA, LV-1076
UPSAPLP1XXX;PEKAO INVESTMENT BANKING S.A.;WARSAW FINANCIAL CENTER EMILII PLATER 53 WARSZAWA, MAZOWIECKIE, 00-113
USALALTRXXX;INTESA SANPAOLO BANK ALBANIA SH.A.;RRUGA ISMAIL QEMALI 27  TIRANA, TIRANA, 1001
USINPLP1XXX;ARCELORMITTAL POLAND SPOLKA AKCYJNA;UL. CHORZOWSKA 50  KATOWICE, SLASKIE, 40-121
VAFMMTM1XXX;BOV ASSET MANAGEMENT LIMITED;FLOOR 6, THE MALL  FLORIANA, IL-FURJANA, FRN 1470
VALLMTMTXXX;BANK OF VALLETTA P.L.C.;BOV CENTRE TRIQ IL-KANUN,, ZONE 4 CENTRAL BUSINESS DISTRICT - SANTA VENERA, SANTA VENERA, CBD 4060
VARLUYM1XXX;VARLIX S.A.;MISIONES 1428  MONTEVIDEO, MONTEVIDEO, 11000
VENUMCMCXXX;VENUS MANAGEMENT COMPANY S.A.M.;VILLA BIJOU 19 AVENUE DE LA COSTA MONACO, MONACO, 98000
VOCBMTMTXXX;NOVUM BANK LTD;FLOOR 2, THE EMPORIUM C DE BROCKTORFF STREET MSIDA, MSIDA, MSD 1421
VOWAPLP1XXX;VOLKSWAGEN BANK GMBH SP.Z O.O. ODDZIAL W POLSCE;RONDO ONZ 1  WARSZAWA, MAZOWIECKIE, 00-124
WASWPLP1XXX;BANK SPOLDZIELCZY W WASEWIE;ZASTAWSKA 8  WASEWO, MAZOWIECKIE, 07-311
WBKPPLPPCBM;SANTANDER BANK POLSKA S.A. (FORMERLY BANK ZACHODNI WBK S.A.);PLAC WOLNOSCI 15  POZNAN, WIELKOPOLSKIE, 60-967
WBKPPLPPXXX;SANTANDER BANK POLSKA S.A. (FORMERLY BANK ZACHODNI WBK S.A.);AL. JANA PAWLA II 17  WARSZAWA, MAZOWIECKIE, 00-854
WCFSPLP1XXX;WOOD AND COMPANY FINANCIAL SERVICES A.S. POLISH BRANCH;BUDYNEK SKYLIGHT ZLOTE TARASY UL. ZLOTA 59 WARSZAWA, MAZOWIECKIE, 00-120
XBULBGS1XXX;BULGARIAN STOCK EXCHANGE;TRI USHI STREET 10 FLOOR 12 SOFIA, SOFIA, 1000
XMALMTMTXXX;MALTA STOCK EXCHANGE;GARRISON CHAPEL CASTILE PLACE VALLETTA, VALLETTA, VLT 1063
XMNTUYM1XXX;BOLSA DE VALORES DE MONTEVIDEO S.A.;MISIONES 1400  MONTEVIDEO, MONTEVIDEO, 11000
XRISLV21XXX;AKCIJU SABIEDRIBA NASDAQ RIGA;RIGA STOCK EXCHANGE DOMA LAUKUMS 6 RIGA, RIGA, LV-1885
XSGOCLR1XXX;BOLSA DE SANTIAGO;  
XWARPLP1XXX;GIELDA PAPIEROW WARTOSCIOWYCH W WARSZAWIE SPOLKA AKCYJNA;NOWY SWIAT 6/12  WARSZAWA, MAZOWIECKIE, 00-400
ZETMMTM1XXX;ZFP EQUITY TRADING (MALTA) LIMITED;FLOOR 5, REGENT HOUSE 52 BISAZZA STREET SLIEMA, SLIEMA, SLM 1641
ZIPIPLP1XXX;BANK SPOLDZIELCZY ZIEMI PIOTRKOWSKIEJ;MICKIEWICZA 1  - PIOTRKOW TRYBUNALSKI, LODZKIE, 97-300 
ZUSPPLP1XXX;ZULAWSKI BANK SPOLDZIELCZY;SIKORSKIEGO 52  - NOWY DWOR GDANSKI, POMORSKIE, 82-100 
LLBBLV2XXXX;SIGNET BANK AS;ANTONIJAS 3  RIGA, RIGA, LV-1010
PODSPLA1XXX;PODKARPACKI BANK SPOLDZIELCZY;MICKIEWICZA 7  SANOK, PODKARPACKIE, 38-500
BACAMCMCXXX;ANDBANC MONACO SAM;1 AVENUE DES CITRONNIERS  MONACO, MONACO, 98000
BDCCAWAWXXX;BANCO DI CARIBE (ARUBA) N.V;VONDELLAAN 31  - ORANJESTAD ORANJESTAD-WEST AND ORANJESTAD-EAST 
FCMFMTMTXXX;FCM BANK LIMITED;SUITE 3, TOWER BUSINESS CENTRE TOWER STREET SWATAR, SWATAR, BKR 4013
GCBMCLR1XXX;GBM CORREDORES DE BOLSA LIMITADA;  
HAVLMCMXBDF;BANQUE HAVILLAND (MONACO) S.A.M.;  MONACO, MONACO, 98000
HAVLMCMXXXX;BANQUE HAVILLAND (MONACO) S.A.M.;3-7 BOULEVARD DES MOULINS  MONACO, MONACO, 98000
KCCPPLPWXXX;KDPW CCP;KSIAZECA 4  WARSZAWA, MAZOWIECKIE, 00-498
MOCBCLR1XXX;J.P. MORGAN CORREDORES DE BOLSA SPA;MARIANO SANCHEZ FONTECILLA 310 BIRMANN - SANTIAGO, PROVINCIA DE SANTIAGO, 7550296
NBPLPLPAXXX;NARODOWY BANK POLSKI;UL. SWIETOKRZYSKA 11/21  WARSZAWA, MAZOWIECKIE, 00-919
OKOYLV2XXXX;OP CORPORATE BANK PLC LATVIA BRANCH;MUITAS IELA 1  RIGA, RIGA, LV-1010
TGBPMTMTXXX;CONVERA MALTA FINANCIAL LIMITED;FLOOR 5, W BUSINESS CENTRE 1 TRIQ DUN KARM BIRKIRKARA, BIRKIRKARA, BKR 9033
TPROLV22XXX;SIA TRANSACT PRO;KR. VALDEMARA 62  RIGA, RIGA, LV-1013
TRTEMTM1XXX;TRADEXEC (TEX) LIMITED;VALLETTA BUILDINGS SOUTH STREET VALLETTA, VALLETTA, VLT 1103
CBCUUYMDXXX;BANCO CENTRAL DEL URUGUAY;FABINI 777  MONTEVIDEO, MONTEVIDEO, 11000
HOCVMTM1XXX;HOGG CAPITAL INVESTMENTS LIMITED;REGENT HOUSE 33 BISAZZA STREET SLIEMA, SLIEMA, SLM 1641
TOBAPLPWXXX;TOYOTA BANK POLSKA S.A.;ORION POSTEPU 18B, FLOOR 3 WARSZAWA, MAZOWIECKIE, 02-676
CMCIMCM1BEC;CM-CIC MONACO;8 RUE GRIMALDI  MONACO, MONACO, 98000
NBPLPLPDDSP;NARODOWY BANK POLSKI;  WARSZAWA, MAZOWIECKIE
BONPPLP9XXX;BONDSPOT S.A.;KSIAZECA 4  WARSZAWA, MAZOWIECKIE, 00-498
HSBCPLPSXXX;HSBC CONTINENTAL EUROPE (SA) ODDZIAL W POLSCE;RONDO ONZ 1  WARSZAWA, MAZOWIECKIE, 00-124
AGRIPLPRXXX;CREDIT AGRICOLE BANK POLSKA S.A.;UL. LEGNICKA 48 C-D  WROCLAW, DOLNOSLASKIE, 54-202
BKCHPLPXXXX;BANK OF CHINA (EUROPE) S.A. POLAND BRANCH;UL.ZIELNA 41/43  WARSZAWA, MAZOWIECKIE, 00-108
FBPLPLPWXXX;CA AUTO BANK SPA SPOLKA AKCYJNA ODDZIAL W POLSCE;AL. WYSCIGOWA 6  WARSZAWA, MAZOWIECKIE, 02-681
ICBKPLPWXXX;ICBC POLAND BRANCH;PLAC TRZECH KRZYZY 18  WARSZAWA, MAZOWIECKIE, 00-499
KCCPPLPWOTC;KDPW CCP;  WARSZAWA, MAZOWIECKIE
SCFBPLPWXXX;SANTANDER CONSUMER BANK SA;LEGNICKA 48 B  WROCLAW, DOLNOSLASKIE, 54-202
BCECCLRDXXX;BANCO CENTRAL DE CHILE;  
SYSPMTM1XXX;SYSPAY LIMITED;54 SIR LUIGI CAMILLERI STREET  SLIEMA, SLIEMA, SLM 1840
BCECCLA1XXX;BANCO CENTRAL DE CHILE;  
BCITPLPWXXX;INTESA SANPAOLO SPA;CENTRUM GIELDOWE, TOWER C UL. KSIAZECA 4, FLOOR 5 WARSZAWA, MAZOWIECKIE, 00-498
CGPMMCM1XXX;CGM-AZIMUT MONACO;ESCALIERS DES FLEURS 8 BLD DES MOULINS MONACO, MONACO, 98000
DOIXPLP1XXX;DOM INWESTYCYJNY XELION SP. Z O.O.;PULAWSKA 107  WARSZAWA, MAZOWIECKIE, 02-595
CBEUUYMMXXX;EUROCAM SA;18 DE JULIO 1497  MONTEVIDEO, MONTEVIDEO, 11200
AZFMMCMCXXX;CGM-AZIMUT MONACO;ESCALIER DES FLEURS 8 BOULEVARD DES MOULINS MONACO, MONACO, 98000
BEFNBGS1XXX;BENCHMARK FINANCE;VISKIAR PLANINA 19 FLOOR 2 SOFIA, SOFIA, 1407
BUAABGS1XXX;BULBROKERS EAD;SHEINOVO STR 7  SOFIA, SOFIA, 1504
CAMJBGS1XXX;CAPITAL MARKETS JSC;HRISTO BELCHEV STR 8  SOFIA, SOFIA, 1000
CPNMBGS1XXX;CAPMAN INC.;TRI USHI 8  SOFIA, SOFIA, 1000
DETTBGS1XXX;DELTASTOCK AD;KORAB PLANINA 6 MEGAPARK SOFIA, SOFIA, 1407
DIFKBGS1XXX;DILINGOVA FINANSOVA KOMPANIA AD;TZAR ASSEN STR 7  SOFIA, SOFIA, 1000
DISJBGS1XXX;MK BROKERS AD;TSAR OSVOBODITEL BLVD 8 FLOOR 4 SOFIA, SOFIA, 1000
FALSBGS1XXX;IP FAVORIT CLS;ANGEL KANCHEV STR 25  SOFIA, SOFIA, 1000
FPIJBGS1XXX;FOCAL POINT INVESTMENTS JSC;CHERNI VRUH BLVD  SOFIA, SOFIA, 1407
INMKBGS1XXX;IP INTERCAPITAL MARKETS AD;DOBRUDJA 6  SOFIA, SOFIA, 1000
KAOLBGS1XXX;KAROLL;ZLATOVRAH 1  SOFIA, SOFIA, 1164
MAJSBG21XXX;UG MARKET JSC;VASIL APRILOV STR 92  PLOVDIV, PLOVDIV, 4000
MCBBCLR1XXX;MONEDA CORREDORES DE BOLSA DE BOLSA LIMITADA;  
NODABGS1XXX;DE NOVO EAD;HRISTO BELCHEV 28  SOFIA, SOFIA, 1000
REIABG21XXX;REAL FINANCE JSC;ST. CONSTANTINE AND HELENA ADMINISTRATIVE BUILDING VARNA, VARNA, 9000
SOFKBG21XXX;SOMONI FINANCIAL BROKERAGE LTD.;TZAR SIMEON VELKI BLVD 112  STARA ZAGORA, STARA ZAGORA, 6000
SOIUBGS1XXX;SOFIA INTERNATIONAL SECURITIES AD;NIKOLAY HAYTOV 3A ESTE BUILDING SOFIA, SOFIA, 1113
TBIBBGSFXXX;TBI BANK EAD;DIMITAR HADJIKOCEV STR 52-54  SOFIA, SOFIA, 1421
WARTPLPWXXX;TOWARZYSTWO UBEZPIECZEN I REASEKURACJI WARTA SPOLKA AKCYJNA;RONDO I. DASZYNSKIEGO 1  WARSZAWA, MAZOWIECKIE, 00-843
AVCABGS1XXX;TRADING 212;LACHEZAR STANCHEV STR 3 LITEX TOWER, FLOOR 10 SOFIA, SOFIA, 1756
BICYBGS1XXX;LENNO GLOBAL ADVISORY JSC;OBORISHTE STR 9  SOFIA, SOFIA, 1504
BUTKBGS1XXX;UP TREND;ZLATEN ROG STREET 12  SOFIA, SOFIA, 1407
CAIJBGS1XXX;CAPITAL INVEST JSC;STEFAN KARADJA 2  SOFIA, SOFIA, 1000
EEERBGS1XXX;FH EVER INC.;LACHEZAR STANCHEV STR 3 LITEX TOWER, FLOOR 13 SOFIA, SOFIA, 1756
NEVACLR1XXX;NEVASA S.A CORREDORES DE BOLSA;ROSARIO NORTE 555, FLOOR 15 LAS CONDES - SANTIAGO, PROVINCIA DE SANTIAGO, 8320000
TBIEBGS1XXX;TBI INVEST EAD;TINTYAVA STR 13B IZTOK RESIDENTIAL COMPLEX, ENT A, FLOOR 2 SOFIA, SOFIA, 1113
EKIRPLPDXXX;KRAJOWA IZBA ROZLICZENIOWA S.A. (KIR S.A.);RTM. W. PILECKIEGO 65  WARSZAWA, MAZOWIECKIE, 02-781
MBBPPLPWXXX;MERCEDES-BENZ BANK POLSKA S.A.;GOTTLIEBA DAIMLERA 1  WARSZAWA, MAZOWIECKIE, 02-460
STVVBGS1XXX;STANDARD INVESTMENT;KOZYAK STREET 2 BLOCK 29, ENTRANCE B, OFFICE 4 SOFIA, SOFIA, 1408
VOWAPLP9XXX;VOLKSWAGEN BANK GMBH SP.Z O.O. ODDZIAL W POLSCE;RONDO ONZ 1  WARSZAWA, MAZOWIECKIE, 00-124
AVFIBGS1XXX;AVC FINANCE PLC;BUL. TODOR ALEKSANDROV 141 FLOOR 9 SOFIA, SOFIA, 1309
EFTGMTM1XXX;EFT GLOBAL LIMITED;PALAZZO PIETRO STIGES 103 STRAIT STREET VALLETTA, VALLETTA, VLT 1436
LKJFLV21XXX;LTFJA KKS JURNIEKU FORUMS;KATRINAS DAMBIS 22A  RIGA, RIGA, LV-1045
FIRYBGS1XXX;FH FINA-S AD;TSAR BORIS THE THIRD BULVD 159  SOFIA, SOFIA, 1618
BPABCLRMXXX;BANCO BTG PACTUAL CHILE;AVENIDA COSTANERA SUR 2730, P.19 PARQUE TITANIUM, TORRE B, LAS SANTIAGO, PROVINCIA DE SANTIAGO
TROMPLP1XXX;TRIGON DOM MAKLERSKI S.A.;MOGILSKA 65  KRAKOW, MALOPOLSKIE, 31-545
CITCMTMTXXX;CITCO CUSTODY LIMITED;LEVEL 2 WEST, MERCURY TOWER ELIA ZAMMIT STREET - ST. JULIAN'S, ST JULIAN'S, STJ 3155
TCBOCLR1XXX;TANNER CORREDORES DE BOLSA;EL GOLF 40, FLOOR 9 LAS CONDES SANTIAGO, PROVINCIA DE SANTIAGO 8320000
LPITCLR1XXX;LATCAM PAGOS INTERNACIONALES S.A.;  
AAMJBGS1XXX;ACTIVA ASSET MANAGEMENT JSC;CHRISTOPHER COLUMBUS BLVD 43 FLOOR 5 SOFIA, SOFIA, 1592
AMNMBGS1XXX;EF ASSET MANAGEMENT;HRISTOFOR KOLUMB  SOFIA, SOFIA, 1592
BCBDCLR1XXX;BBVA CORREDORES DE BOLSA LIMITADA;PEDRO DE VALDIVIA 100, FLOOR 7 PROVIDENCIA - SANTIAGO, PROVINCIA DE SANTIAGO, 8320000
BPBIBGSFISD;EUROBANK BULGARIA AD;  SOFIA, SOFIA
KACABGS1XXX;KAROLL CAPITAL MANAGEMENT;HRISTO BOTEV BLVD 57  SOFIA, SOFIA, 1303
POZNPLP1XXX;VOLKSWAGEN POZNAN SPOLKA Z OGRANICZONA ODPOWIEDZIALNOSCIA;UL. WARSZAWSKA 349  POZNAN, WIELKOPOLSKIE, 61-057
SKSMBGS1XXX;SKY ASSET MANAGEMENT;EKZARH YOSIF STR 31  SOFIA, SOFIA, 1000
STANALT1ELX;BANK OF ALBANIA;  ELBASAN, ELBASAN, 3001
STANALT1GJX;BANK OF ALBANIA;  GJIROKASTER, GJIROKASTER, 6001
STANALT1KOX;BANK OF ALBANIA;  KORCE, KORCE, 7000
STANALT1LUX;BANK OF ALBANIA;  LUSHNJE, FIER, 9001
STANALT1SHX;BANK OF ALBANIA;  SHKODER, SHKODER, 4001
STANALT1SPX;BANK OF ALBANIA;  TIRANA, TIRANA, 1001
TASGBGS1XXX;TBI ASSET MANAGEMENT EAD;TINTYAVA STR 13B IZTOK RESIDENTIAL COMPLEX, ENT A, FLOOR 2 SOFIA, SOFIA, 1113
UGMJBG21XXX;UG MARKET FUND MANAGEMENT JSC;VASIL APRILOV STR 92  PLOVDIV, PLOVDIV, 4000
ZAFIBG21XXX;ZAGORA FINACORP AD;DOBRUDJA STR. 10 ENTR. B, OFFICE 27 HASKOVO, HASKOVO, 6300
BATSALT1XXX;BRITISH AMERICAN TOBACCO - ALBANIA SH.P.K.;ISH KOMBINATI USHQIMOR KAVAJA STREET TIRANA, TIRANA, 1001
CITIPLPXCCH;BANK HANDLOWY W WARSZAWIE SA;  WARSZAWA, MAZOWIECKIE
CNAEBGS1XXX;CONCORD ASSET MANAGEMENT;TODOR ALEXANDROV BLVD 141  SOFIA, SOFIA, 1309
COIJBGS1XXX;COMPASS INVEST JSC;GEORGE WASHINGTON 19  SOFIA, SOFIA, 1000
CPSMBGS1XXX;CAPMAN ASSET MANAGEMENT JSC;TRI USHI STR 8  SOFIA, SOFIA, 1301
CSMEBGS1XXX;CCB ASSETS MANAGEMENT EAD;STEFAN KARADZHA 2  SOFIA, SOFIA, 1000
EAMGBGS1XXX;EXPAT ASSET MANAGEMENT;G.S. RAKOVSKI STR 96A  SOFIA, SOFIA, 1000
EUOBCLR1XXX;EUROAMERICA CORREDORES DE BOLSA S.A;APOQUINDO 3885 LAS CONDES SANTIAGO, PROVINCIA DE SANTIAGO 7550177
FFAMBGS1XXX;FFBH ASSET MANAGEMENT;ENOS STREET 2 FLOOR 4 SOFIA, SOFIA, 1408
INCJBGS1XXX;INVEST CAPITAL JSC;STEFAN KARADJA STREET 2  SOFIA, SOFIA, 1000
LACBLV2XCCB;BANK OF LATVIA;K. VALDEMARA STREET 2A  RIGA, RIGA, LV-1050
MCDABGS1XXX;MANAGEMENT COMPANY DSK ASSET MANAGEMENT AD;TZAR KALOYAN  SOFIA, SOFIA, 1000
RFAABG21XXX;REAL FINANCE ASSET MANAGEMENT;ALEXANDER S. PUSHKIN 24  VARNA, VARNA, 9002
SATGBGS1XXX;STRATEGY ASSET MANAGEMENT JSC;ST. TODOR ALEXANDROV 141  SOFIA, SOFIA, 1309
SATTBGS1XXX;SELECT ASSET MANAGMENT;BULGARIA BLVD 58  SOFIA, SOFIA, 1680
TESMBGS1XXX;TEXIM ASSET MANAGEMENT;TODOR ALEXANDROV BLVD 141  SOFIA, SOFIA, 1309
UBATBGS1XXX;UBB ASSET MANAGEMENT;SVETA SOFIA STR 5  SOFIA, SOFIA, 1000
ZLLCBGS1XXX;GOLDEN LION CAPITAL;POSTOYANSTVO  SOFIA, SOFIA, 1111
ELFGBGS1XXX;ELANA FUND MANAGEMENT;LACHEZAR STANCHEV STR 5 SOPHARMA BUSINESS TOWERS SOFIA, SOFIA, 1756
MUAABGS1XXX;MUNICIPAL BANK ASSET MANAGEMENT;VRABCHA 10  SOFIA, SOFIA, 1000
AGRKMTMTXXX;LIDION BANK PLC;  LUQA, LUQA, LQA 4000
ABIGBGS1XXX;AUSTRIAN BULGARIAN INVESTMENT GROUP AD;DAMYAN GRUEV 46  SOFIA, SOFIA, 1606
AFSMMTM1XXX;AMICORP FUND SERVICES MALTA LIMITED;FLOOR 1, BLUE HARBOUR BUSINESS CENTRE YACHT MARINA TA'XBIEX, TA'XBIEX, XBX 1027
VAFEBG21XXX;VARCHEV FINANCE EOOD;VLADISLAV VARNENCHIK BLVD 186 FLOOR 3, OFFICE 4.035 VARNA, VARNA, 9000
VMCEBG21XXX;VARCHEV MANAGING COMPANY EAD;VLADISLAV VARNENCHIK BLVD 186 FLOOR 3, OFFICE 4.035 VARNA, VARNA, 9009
CPSCMTM1XXX;A3E CAPITAL SICAV P.L.C.;FLOOR 1, ORANGE POINT DUN KARM STREET BIRKIRKARA, BIRKIRKARA, BKR 9037
MALTMTMTGCP;CENTRAL BANK OF MALTA;  VALLETTA, VALLETTA
SKOKPLPWXXX;KRAJOWA SPOLDZIELCZA KASA OSZCZEDNOSCIOWO-KREDYTOWA;WLADYSLAWA IV 22  SOPOT, POMORSKIE, 81-743
DOIIPLP1XXX;VESTOR DOM MAKLERSKI S.A.;ZEBRA TOWER MOKOTOWSKA 1 WARSZAWA, MAZOWIECKIE, 00-640
ICDGCLR1XXX;ITAU CHILE ADMINISTRADORA GENERAL DE FONDOS S.A.;  
UBPGMCMXXXX;UNION BANCAIRE PRIVEE, UBP SA;LA BELLE EPOQUE 17 AVENUE D'OSTENDE MONACO, MONACO, 98000
ACFCMTM1XXX;AMAGIS CAPITAL FUNDS SICAV PLC;184 ST. LUCIA STREET  VALLETTA, VALLETTA, VLT 1189
ALFPLV21XXX;ALFAPAY;KR. VALDEMARA IELA  RIGA, RIGA, LV-1013
CDERCLRMXXX;COMDER CONTRAPARTE CENTRAL S.A.;CERRO COLORADO 5240, FLOOR 18 EDIFICIO TORRES DEL PARQUE 1 SANTIAGO, PROVINCIA DE SANTIAGO
MIPYMTM1ALL;MISTRAL PAY LTD;  VALLETTA, VALLETTA
MIPYMTM1XXX;MISTRAL PAY LTD;EUROPA CENTRE 51 ST. ANNE STREET FLORIANA, IL-FURJANA, FRN 9011
LATSLV21XXX;E LATS, SIA;BAUSKAS STR. 20  RIGA, RIGA, LV-1004
BERLMCMCBDF;EDMOND DE ROTHSCHILD-MONACO;  MONACO, MONACO, 98000
AAAJBG21XXX;ARCUS ASSET MANAGEMENT JSC;6TH OF SEPTEMBER BLVD 152 BUSINESS CENTER LEGIS PLOVDIV, PLOVDIV, 4000
CEPAMCM1XXX;CAISSE D'EPARGNE ET DE PREVOYANCE COTE D'AZUR - AGENCE DE MONACO;17 BOULEVARD ALBERT PREMIER  MONACO, MONACO, 98000
RZBMMTM1XXX;RAIFFEISEN MALTA BANK PLC;IL-PIAZZETTA 52 TOWER ROAD SLIEMA, SLIEMA, SLM 1607
KRSPPLP2XXX;KRAKOWSKI BANK SPOLDZIELCZY;RYNEK KLEPARSKI 8  KRAKOW, MALOPOLSKIE, 31-150
BREXPLPWOMB;MBANK S.A. (FORMERLY BRE BANK S.A.);PILSUDSKIEGO STR 3  LODZ, LODZKIE, 90-368
WOSILV21XXX;WOT, SIA;MASKAVAS STR. 240-3  RIGA, RIGA, LV-1063
EUOTPLP1XXX;EURORATING SP. Z O.O.;CYNAMONOWA 19  WARSZAWA, MAZOWIECKIE, 02-777
ITAUCLRMSSO;BANCO ITAU CHILE;  
PMMCMCMCXXX;PACIFIC MANAGEMENT SAM;7 RUE DU GABIAN  MONACO, MONACO, 98000
TGAFMTM1XXX;TGA FUNDS SICAV PLC;FLOOR 3 BREWERY STREET BIRKIRKARA, BIRKIRKARA, BKR 3000
ECMBMTMTXXX;ECCM BANK PLC;THE ADELAIDE 230-231 TOWER ROAD SLIEMA, SLIEMA, SLM 1601
CDERCLRGXXX;COMDER CONTRAPARTE CENTRAL S.A.;CERRO COLORADO 5240, FLOOR 18 TORRES DEL PARQUE I - SANTIAGO PROVINCIA DE SANTIAGO, 7560591
CRXBMTMTXXX;CREDORAX BANK LIMITED;PALAZZO HOMEDES 80 STRAIT STREET VALLETTA, VALLETTA, VLT 1436
PYMXMTMTXXX;FINANCE INCORPORATED LIMITED;FLOOR 2, CAPITAL BUSINESS CENTRE BLOCK A TRIQ TAZ- ZWEJT SAN GWANN, SAN GWANN, SGN 3000
VAFRMTM1XXX;BOV FUND SERVICES LIMITED;FLOOR 3 TRIQ IL-BIRRERIJA MRIEHEL, BIRKIRKARA , BKR 3000
WBKPPLP1CCP;SANTANDER BANK POLSKA S.A. (FORMERLY BANK ZACHODNI WBK S.A.);  WROCLAW, DOLNOSLASKIE
AXERMTM1XXX;AXERIA RE LIMITED;108 TRIQ IT TIBEN  SWIEQI, SWIEQI, SWQ 3032
BIGKLV21XXX;BIGBANK AS LATVIJAS FILIALE;GUSTAVA ZEMGALA GATVE 78-1  RIGA, RIGA, LV-1039
BPKHPLPGXXX;PKO BANK HIPOTECZNY SA;PULAWSKA 15  WARSZAWA, MAZOWIECKIE, 02-515
IVFMBGS1XXX;INVEST FUND MANAGEMENT;DOBRUDJA 6  SOFIA, SOFIA, 1000
FEMAMTMTXXX;MULTITUDE BANK P.L.C.;FLOOR 9, ST BUSINESS CENTRE 120 THE STRAND GZIRA, GZIRA, GZR 1027
KCCPPLPWASI;KDPW CCP;  WARSZAWA, MAZOWIECKIE
EISIMTM1XXX;EIGER SICAV PLC;FLOOR 3, VALLETTA BUILDING 1 SOUTH STREET VALLETTA, VALLETTA, VLT 1103
APMEMTM1XXX;APRIL MEDITERRANEAN LIMITED;FLOOR 2, PROGETTA HOUSE TOWER ROAD SWATAR BIRKIRKARA, BIRKIRKARA, BKR 4012
CINKPLPZXXX;CINKCIARZ.PL SP. Z O.O.;WROCLAWSKA 17B  ZIELONA GORA, WIELKOPOLSKIE, 65-427
RTLDMCMCXXX;ROTHELAND S.A.M.;4-6 RUELLE SAINTE DEVOTE  MONACO, MONACO, 98000
AAVLCLR9XXX;AFEX AGENTES DE VALORES LIMITADA;  
DIETMCMCXXX;DIETSMANN MONTE CARLO SAM;GILDO PASTOR CENTER 7, 9 RUE DU GABIAN MONACO, MONACO, 98000
SIAILV21XXX;STEITS, SIA;MASKAVAS STR. 240  RIGA, RIGA, LV-1063
RAMUBGS1XXX;RAIFFEISEN ASSET MANAGEMENT (BULGARIA) EAD;VAPTZAROV BLVD, PHASE2 NIKOLA I 55 BUSINESS CENTER EXPO 2000 SOFIA, SOFIA, 1407
AAESBGS1XXX;ASTRA ASSET MANAGEMENT JSC;SREDNA GORA STR 49 FLOOR 6 SOFIA, SOFIA, 1303
DEUTPL21XXX;DEUTSCHE BANK POLSKA S.A;ALEJA ARMII LUDOWEJ 26  WARSZAWA, MAZOWIECKIE, 00-609
RATIPLP1XXX;INC RATING SP. Z O.O.;KRASINSKIEGO 16  POZNAN, WIELKOPOLSKIE, 60-830
AAAPBGS1XXX;ALARIC CAPITAL;EXARCH YOSIF 7  SOFIA, SOFIA, 1301
FNEXBGS1XXX;GRAND CAPITAL LTD;ALEXANDER STAMBOLIJSKI BLVD 235  SOFIA, SOFIA, 1303
CONPPLPWXXX;CONOTOXIA SP. Z O.O.;WROCLAWSKA 17B  ZIELONA GORA, WIELKOPOLSKIE, 65-427
TESTBGS1XXX;TREND ASSET MANAGEMENT;AKSAKOV 28  SOFIA, SOFIA, 1000
TGAFMTM1001;TGA FUNDS SICAV PLC;  MRIEHEL, BIRKIRKARA
TGAFMTM1002;TGA FUNDS SICAV PLC;  MRIEHEL, BIRKIRKARA
TGAFMTM1003;TGA FUNDS SICAV PLC;  MRIEHEL, BIRKIRKARA
BCECCLB1XXX;BANCO CENTRAL DE CHILE;  
NIXGLV21XXX;NIXGROUP;MASKAVAS 240-3  RIGA, RIGA, LV-1063
PCBCCLRMXXX;CHINA CONSTRUCTION BANK,  AGENCIA EN CHILE;  
MFCBMTMSXXX;MERKANTI BANK LIMITED;  ST. JULIAN'S, STJ 3140
PCBCCLRMCLR;CHINA CONSTRUCTION BANK,  AGENCIA EN CHILE;  
PESIMTM1XXX;PERSYSTEMCY SICAV PLC;FLOOR 1 SQAQ IL-FAWWARA SLIEMA, SLIEMA, SLM 1670
RECVMTM1XXX;REDHEDGE SICAV PLC;SUITE 2, FLOOR 3 1 BREWERY STREET MRIEHEL, BIRKIRKARA , BKR 3000
AUSVMTM1XXX;AURORA SICAV PLC;VALLETTA BUILDINGS SOUTH STREET VALLETTA, VALLETTA, VLT 1103
RECVMTM1001;REDHEDGE SICAV PLC;SUITE 2, FLOOR 3 1 BREWERY STREET MRIEHEL, BIRKIRKARA , BKR 3000
SPBOPLPWXXX;BANK SPOLDZIELCZY W BRODNICY;KAMIONKA 27  - BRODNICA KUJAWSKO-POMORSKIE, 87-300 
BCECCLC1XXX;BANCO CENTRAL DE CHILE;  
OPAYLV21XXX;XOPAY, SIA;REPUBLIKAS LAUKUMS 3 - 107  RIGA, RIGA, LV-1010
ASFHPLPKXXX;AMER SPORTS GLOBAL BUSINESS SERVICES SP. Z O.O.;ZABLOCIE 43B  KRAKOW, MALOPOLSKIE, 30-701
SBMTMTMTXXX;SPARKASSE BANK MALTA PLC;TOWNSQUARE 101 TRIQ IX XATT TA QUI SI SANA SLIEMA, SLIEMA, SLM 3112
HFSIMTM1XXX;HEKA FUNDS SICAV PLC;FLOOR 3 BREWERY STREET MRIEHEL, BIRKIRKARA , BKR 3000
MZNSMTM1XXX;M.Z. INVESTMENT SERVICES LIMITED;MZ HOUSE 55 ST RITA STREET RABAT, RABAT, RBT 1523
NESBPLPWFMB;NEST BANK S.A.;SOLEC 38  WARSZAWA, MAZOWIECKIE, 00-394
NESBPLPWXXX;NEST BANK S.A.;UL. WOLOSKA 24  WARSZAWA, MAZOWIECKIE, 02-675
NBPLPLPWSEA;NARODOWY BANK POLSKI;SWIETOKRZYSKA 11-21  WARSZAWA, MAZOWIECKIE, 00-919
NBPLPLPWSEB;NARODOWY BANK POLSKI;SWIETOKRZYSKA 11-21  WARSZAWA, MAZOWIECKIE, 00-919
MOXSLV21XXX;MONEY EXPRESS SIA;LACPLESA STREET 88  RIGA, RIGA, LV-1003
PAYELV21XXX;PAYSERA LT;ZEMGALU IELA 23A - 19  RIGA, RIGA, LV-1006
WCORMTMQXXX;WEBCOR INVESTMENTS LTD;FJVA BUSINESS CENTRE B2 INDUSTRY STREET, ZONE 5, CENTRAL BUSINESS QORMI, QORMI, CBD 5030
PCBCPLPWXXX;CHINA CONSTRUCTION BANK(EUROPE)WARSAW BRANCH;WARSAW FINANCIAL CENTER UL.EMILII PLATER 53, FLOOR 15 WARSZAWA, MAZOWIECKIE, 00-113
DEEABGS1XXX;SMART FUND ASSET MANAGEMENT;TSAR OSVOBODITEL BLVD 8 FLOOR 4 SOFIA, SOFIA, 1000
BPKOPLPWSEC;PKO BANK POLSKI S.A.;  WARSZAWA, MAZOWIECKIE
ENGAPLP1XXX;ENGLAND.PL SP. Z O.O.;UL. MARSZALKA JOZEFA PILSUDSKIEG 45  - KOSZALIN, ZACHODNIOPOMORSKIE 75-502
EUFVMTM1XXX;EUROCHANGE FINANCIAL SERVICES LTD;175 RUE D'ARGENS  GZIRA, GZIRA, GZR 1362
NBPLPLPWCRD;NARODOWY BANK POLSKI;SWIETOKRZYSKA 11-21  WARSZAWA, MAZOWIECKIE, 00-919
PATCBGSFXXX;PAYNETICS AD;JAMES BOURCHIER 76A HILL TOWER 1 SOFIA, SOFIA, 1407
STANALTSXXX;BANK OF ALBANIA;SHESHI SKENDERBEJ 1  TIRANA, TIRANA, 1001
GASIPLP1XXX;GALPERIN SOLUTION LIMITED LIABILITY COMPANY;ROZANA 2/51  WARSZAWA, MAZOWIECKIE, 02-548
SIAFLV21XXX;SIA PAYBANCO;BALASTA DAMBIS 70-6  RIGA, RIGA, LV-1048
IPAGPLPLXXX;IPAGOO LLP, SPOLKA PARTNERSKA ODDZIAL;HENRYKA SIENKIEWICZA 82/84, FLOOR 3  LODZ, LODZKIE, 90-318
EMONMTM2XXX;EMONEY PLC;TRIQ IX XATT TA' XBIEX  MSIDA, MSIDA, MSD 1516
LACBLV2XAMS;BANK OF LATVIA;K. VALDEMARA STREET 2A  RIGA, RIGA, LV-1050
PTFIPLPWXXX;PKO TOWARZYSTWO FUNDUSZY INWESTYCYJNYCH SA;UL CHLODNA 52  WARSZAWA, MAZOWIECKIE, 00-872
BREXPLPWMDM;MBANK S.A. (FORMERLY BRE BANK S.A.);WSPOLNA 47/49  WARSZAWA, MAZOWIECKIE, 00-684
CBCUUYMMGPA;BANCO CENTRAL DEL URUGUAY;FLORIDA PAYSANDU MONTEVIDEO, MONTEVIDEO, 11000
CCUHMTMTXXX;MONEYBASE;FLOOR GF, EWROPA BUSINESS CENTRE TRIQ DUN KARM BIRKIRKARA, BIRKIRKARA, BKR 9034
PTFIPLPWAAP;PKO TOWARZYSTWO FUNDUSZY INWESTYCYJNYCH SA;UL CHLODNA 52  WARSZAWA, MAZOWIECKIE, 00-872
PTFIPLPWADG;PKO TOWARZYSTWO FUNDUSZY INWESTYCYJNYCH SA;UL CHLODNA 52  WARSZAWA, MAZOWIECKIE, 00-872
PTFIPLPWAMS;PKO TOWARZYSTWO FUNDUSZY INWESTYCYJNYCH SA;UL CHLODNA 52  WARSZAWA, MAZOWIECKIE, 00-872
PTFIPLPWARA;PKO TOWARZYSTWO FUNDUSZY INWESTYCYJNYCH SA;UL CHLODNA 52  WARSZAWA, MAZOWIECKIE, 00-872
PTFIPLPWARE;PKO TOWARZYSTWO FUNDUSZY INWESTYCYJNYCH SA;UL CHLODNA 52  WARSZAWA, MAZOWIECKIE, 00-872
PTFIPLPWARJ;PKO TOWARZYSTWO FUNDUSZY INWESTYCYJNYCH SA;UL CHLODNA 52  WARSZAWA, MAZOWIECKIE, 00-872
PTFIPLPWARW;PKO TOWARZYSTWO FUNDUSZY INWESTYCYJNYCH SA;UL CHLODNA 52  WARSZAWA, MAZOWIECKIE, 00-872
PTFIPLPWARZ;PKO TOWARZYSTWO FUNDUSZY INWESTYCYJNYCH SA;UL CHLODNA 52  WARSZAWA, MAZOWIECKIE, 00-872
PTFIPLPWASZ;PKO TOWARZYSTWO FUNDUSZY INWESTYCYJNYCH SA;UL CHLODNA 52  WARSZAWA, MAZOWIECKIE, 00-872
PTFIPLPWDUS;PKO TOWARZYSTWO FUNDUSZY INWESTYCYJNYCH SA;UL CHLODNA 52  WARSZAWA, MAZOWIECKIE, 00-872
PTFIPLPWECH;PKO TOWARZYSTWO FUNDUSZY INWESTYCYJNYCH SA;UL CHLODNA 52  WARSZAWA, MAZOWIECKIE, 00-872
PTFIPLPWEWZ;PKO TOWARZYSTWO FUNDUSZY INWESTYCYJNYCH SA;UL CHLODNA 52  WARSZAWA, MAZOWIECKIE, 00-872
PTFIPLPWFAP;PKO TOWARZYSTWO FUNDUSZY INWESTYCYJNYCH SA;UL CHLODNA 52  WARSZAWA, MAZOWIECKIE, 00-872
PTFIPLPWFBL;PKO TOWARZYSTWO FUNDUSZY INWESTYCYJNYCH SA;UL CHLODNA 52  WARSZAWA, MAZOWIECKIE, 00-872
PTFIPLPWFDL;PKO TOWARZYSTWO FUNDUSZY INWESTYCYJNYCH SA;UL CHLODNA 52  WARSZAWA, MAZOWIECKIE, 00-872
PTFIPLPWFGD;PKO TOWARZYSTWO FUNDUSZY INWESTYCYJNYCH SA;UL CHLODNA 52  WARSZAWA, MAZOWIECKIE, 00-872
PTFIPLPWFGM;PKO TOWARZYSTWO FUNDUSZY INWESTYCYJNYCH SA;UL CHLODNA 52  WARSZAWA, MAZOWIECKIE, 00-872
PTFIPLPWFGS;PKO TOWARZYSTWO FUNDUSZY INWESTYCYJNYCH SA;UL CHLODNA 52  WARSZAWA, MAZOWIECKIE, 00-872
PTFIPLPWFIB;PKO TOWARZYSTWO FUNDUSZY INWESTYCYJNYCH SA;UL CHLODNA 52  WARSZAWA, MAZOWIECKIE, 00-872
PTFIPLPWFMS;PKO TOWARZYSTWO FUNDUSZY INWESTYCYJNYCH SA;UL CHLODNA 52  WARSZAWA, MAZOWIECKIE, 00-872
PTFIPLPWFOD;PKO TOWARZYSTWO FUNDUSZY INWESTYCYJNYCH SA;UL CHLODNA 52  WARSZAWA, MAZOWIECKIE, 00-872
PTFIPLPWFSK;PKO TOWARZYSTWO FUNDUSZY INWESTYCYJNYCH SA;UL CHLODNA 52  WARSZAWA, MAZOWIECKIE, 00-872
PTFIPLPWFSW;PKO TOWARZYSTWO FUNDUSZY INWESTYCYJNYCH SA;UL CHLODNA 52  WARSZAWA, MAZOWIECKIE, 00-872
PTFIPLPWMDG;PKO TOWARZYSTWO FUNDUSZY INWESTYCYJNYCH SA;UL CHLODNA 52  WARSZAWA, MAZOWIECKIE, 00-872
PTFIPLPWSUR;PKO TOWARZYSTWO FUNDUSZY INWESTYCYJNYCH SA;UL CHLODNA 52  WARSZAWA, MAZOWIECKIE, 00-872
TRIVBGS1XXX;TRANSCARD FINANCIAL SERVICES;CHERNI VRAH BLVD 43  SOFIA, SOFIA, 1407
PTFIPLPWE20;PKO TOWARZYSTWO FUNDUSZY INWESTYCYJNYCH SA;UL CHLODNA 52  WARSZAWA, MAZOWIECKIE, 00-872
PTFIPLPWE30;PKO TOWARZYSTWO FUNDUSZY INWESTYCYJNYCH SA;UL CHLODNA 52  WARSZAWA, MAZOWIECKIE, 00-872
PTFIPLPWE40;PKO TOWARZYSTWO FUNDUSZY INWESTYCYJNYCH SA;UL CHLODNA 52  WARSZAWA, MAZOWIECKIE, 00-872
PTFIPLPWE50;PKO TOWARZYSTWO FUNDUSZY INWESTYCYJNYCH SA;UL CHLODNA 52  WARSZAWA, MAZOWIECKIE, 00-872
PTFIPLPWE60;PKO TOWARZYSTWO FUNDUSZY INWESTYCYJNYCH SA;UL CHLODNA 52  WARSZAWA, MAZOWIECKIE, 00-872
PTFIPLPWFOW;PKO TOWARZYSTWO FUNDUSZY INWESTYCYJNYCH SA;UL CHLODNA 52  WARSZAWA, MAZOWIECKIE, 00-872
PTFIPLPWFSD;PKO TOWARZYSTWO FUNDUSZY INWESTYCYJNYCH SA;UL CHLODNA 52  WARSZAWA, MAZOWIECKIE, 00-872
PTFIPLPWFSO;PKO TOWARZYSTWO FUNDUSZY INWESTYCYJNYCH SA;UL CHLODNA 52  WARSZAWA, MAZOWIECKIE, 00-872
PTFIPLPWSIG;PKO TOWARZYSTWO FUNDUSZY INWESTYCYJNYCH SA;UL CHLODNA 52  WARSZAWA, MAZOWIECKIE, 00-872
MTCCMTMTXXX;MTACC LIMITED;ST JULIANS BUSINESS CENTRE 2 ELIA ZAMMIT STREET - ST. JULIAN'S, ST JULIAN'S, STJ 3155
BKCHCLRMXXX;BANK OF CHINA, AGENCIA EN CHILE;AVENIDA ANDRES BELLO 2457, FLOOR 16 COSTANERA CENTER TORRE DOS SANTIAGO, PROVINCIA DE SANTIAGO
EBPAPLP1XXX;EBURY PARTNERS UK LIMITED;UL KROLEWSKA 18  WARSZAWA, MAZOWIECKIE, 00-103
BEHMMCMCXXX;BESINS HEALTHCARE MONACO SAM;LOT 777 , FLOOR RDC, LES TERRASSES DU PORT 2 AVENUE DES LIGURES MONACO, MONACO, 98000
PTFIPLPWBUR;PKO TOWARZYSTWO FUNDUSZY INWESTYCYJNYCH SA;UL CHLODNA 52  WARSZAWA, MAZOWIECKIE, 00-872
PTFIPLPWDIA;PKO TOWARZYSTWO FUNDUSZY INWESTYCYJNYCH SA;UL CHLODNA 52  WARSZAWA, MAZOWIECKIE, 00-872
PTFIPLPWRUB;PKO TOWARZYSTWO FUNDUSZY INWESTYCYJNYCH SA;UL CHLODNA 52  WARSZAWA, MAZOWIECKIE, 00-872
PTFIPLPWSZA;PKO TOWARZYSTWO FUNDUSZY INWESTYCYJNYCH SA;UL CHLODNA 52  WARSZAWA, MAZOWIECKIE, 00-872
PTFIPLPWSZM;PKO TOWARZYSTWO FUNDUSZY INWESTYCYJNYCH SA;UL CHLODNA 52  WARSZAWA, MAZOWIECKIE, 00-872
BCHICLRMCUS;BANCO DE CHILE;  
ESPYBGS1XXX;EASYPAY AD;IVAN VAZOV STR 16  SOFIA, SOFIA, 1000
PHPYMTM1XXX;PHOENIX PAYMENTS LTD;SOUTH STREET  VALLETTA, VALLETTA, VLT 1103
TRUDBG21XXX;TRANSACT EUROPE EAD;KARNIGRADSKA 19  SOFIA, SOFIA, 1000
IGTRPLP1XXX;IGORIA TRADE S.A.;PULAWSKA 111A-109, FLOOR 5  WARSZAWA, MAZOWIECKIE, 02-707
AIZKLV22CLN;ABLV BANK, AS IN LIQUIDATION;ELIZABETES STREET 23  RIGA, RIGA, LV-1010
IESCMTM1XXX;4 SQ INTERNATIONAL SCC LTD;OFFICE NO. 9 152 NAXXAR ROAD SAN GWANN, SAINT JOHN, SGN 9030
PAPYMTMTXXX;PAPAYA LTD;31 SLIEMA ROAD  GZIRA, GZIRA, GZR 1637
ENLCCLRMXXX;ENEL CHILE S.A.;AVENIDA SANTA ROSA 76, FLOOR 15 EDIFICIO ENEL - SANTIAGO, PROVINCIA DE SANTIAGO, 8330099
PTFIPLPWAKG;PKO TOWARZYSTWO FUNDUSZY INWESTYCYJNYCH SA;UL CHLODNA 52  WARSZAWA, MAZOWIECKIE, 00-872
PTFIPLPWAKT;PKO TOWARZYSTWO FUNDUSZY INWESTYCYJNYCH SA;UL CHLODNA 52  WARSZAWA, MAZOWIECKIE, 00-872
PTFIPLPWALF;PKO TOWARZYSTWO FUNDUSZY INWESTYCYJNYCH SA;UL CHLODNA 52  WARSZAWA, MAZOWIECKIE, 00-872
PTFIPLPWALS;PKO TOWARZYSTWO FUNDUSZY INWESTYCYJNYCH SA;UL CHLODNA 52  WARSZAWA, MAZOWIECKIE, 00-872
PTFIPLPWDEL;PKO TOWARZYSTWO FUNDUSZY INWESTYCYJNYCH SA;UL CHLODNA 52  WARSZAWA, MAZOWIECKIE, 00-872
PTFIPLPWGAM;PKO TOWARZYSTWO FUNDUSZY INWESTYCYJNYCH SA;UL CHLODNA 52  WARSZAWA, MAZOWIECKIE, 00-872
PTFIPLPWNED;PKO TOWARZYSTWO FUNDUSZY INWESTYCYJNYCH SA;UL CHLODNA 52  WARSZAWA, MAZOWIECKIE, 00-872
PTFIPLPWOGL;PKO TOWARZYSTWO FUNDUSZY INWESTYCYJNYCH SA;UL CHLODNA 52  WARSZAWA, MAZOWIECKIE, 00-872
PTFIPLPWOKP;PKO TOWARZYSTWO FUNDUSZY INWESTYCYJNYCH SA;UL CHLODNA 52  WARSZAWA, MAZOWIECKIE, 00-872
PTFIPLPWPAK;PKO TOWARZYSTWO FUNDUSZY INWESTYCYJNYCH SA;UL CHLODNA 52  WARSZAWA, MAZOWIECKIE, 00-872
PTFIPLPWPAS;PKO TOWARZYSTWO FUNDUSZY INWESTYCYJNYCH SA;UL CHLODNA 52  WARSZAWA, MAZOWIECKIE, 00-872
PTFIPLPWPOB;PKO TOWARZYSTWO FUNDUSZY INWESTYCYJNYCH SA;UL CHLODNA 52  WARSZAWA, MAZOWIECKIE, 00-872
PTFIPLPWPPI;PKO TOWARZYSTWO FUNDUSZY INWESTYCYJNYCH SA;UL CHLODNA 52  WARSZAWA, MAZOWIECKIE, 00-872
UBPGMCMXT2S;UNION BANCAIRE PRIVEE, UBP SA;LA BELLE EPOQUE 17 AVENUE D'OSTENDE MONACO, MONACO, 98000
LLBBLV2X111;SIGNET BANK AS;ANTONIJAS 3  RIGA, RIGA, LV-1010
MSFVMTM1XXX;CEEVO FINANCIAL SERVICES (MALTA) LIMITED;SUITE 2 , FLOOR 2, SKYWAY OFFICES BLOCK B 178 MARINA STREET PIETA, PIETA, PTA 9042
PAUUMTM1XXX;FINXP LIMITED;SUITE 3, FLOOR 2, SKYWAY OFFICES BLOCK A 177 MARINA STREET PIETA, PIETA, PTA 9072
SIMZLV21XXX;SIA MONETIZATOR;BLAUMANA STR. 5A-10  RIGA, RIGA, LV-1011
BREXPLPWWA5;MBANK S.A. (FORMERLY BRE BANK S.A.);PROSTA 68  WARSZAWA, MAZOWIECKIE, 00-838
EUFCBGS1XXX;EURO-FINANCE LTD;PATRIARCH EVTIMII BLVD 84  SOFIA, SOFIA, 1463
TRPEMTM1XXX;TRUEVO PAYMENTS LTD;FLOOR 1, MWH BUILDING ORATORY STREET NAXXAR, NAXXAR, NXR 2504
CFTEMTM1XXX;OPENPAYD FINANCIAL SERVICES MALTA LTD;FLOOR 3 137 SPINOLA ROAD - ST JULIAN'S, ST. JULIAN'S, STJ 3155 
DOAEMTM1XXX;DOLFIN ASSET SERVICES LIMITED;FLOOR 5 89 ST. JOHN'S STREET VALLETTA, VALLETTA, VLT 1165
CHASCLRMAMM;JPMORGAN CHASE BANK, N.A., SANTIAGO BRANCH;AV. APOQUINDO 2827, FLOOR 13 LAS CONDES - SANTIAGO, PROVINCIA DE SANTIAGO, 7590956
CHASCLRMCDB;JPMORGAN CHASE BANK, N.A., SANTIAGO BRANCH;AV. APOQUINDO 2827, FLOOR 13 LAS CONDES - SANTIAGO, PROVINCIA DE SANTIAGO, 7590956
CHASCLRMICM;JPMORGAN CHASE BANK, N.A., SANTIAGO BRANCH;AV. APOQUINDO 2827, FLOOR 13 LAS CONDES - SANTIAGO, PROVINCIA DE SANTIAGO, 7590956
PTFIPLPWFSF;PKO TOWARZYSTWO FUNDUSZY INWESTYCYJNYCH SA;UL CHLODNA 52  WARSZAWA, MAZOWIECKIE, 00-872
PTFIPLPWFSS;PKO TOWARZYSTWO FUNDUSZY INWESTYCYJNYCH SA;UL CHLODNA 52  WARSZAWA, MAZOWIECKIE, 00-872
GSCLCLR1XXX;GOLDMAN SACHS CHILE LIMITADA;AVENIDA APOQUINDO 472, 3 PATIO FOSTER BUILDING, LAS CONDES SANTIAGO, PROVINCIA DE SANTIAGO
GSIWPLP1XXX;GOLDMAN SACHS INTERNATIONAL WARSAW BRANCH;WARSAW SPIRE PLAC EUROPEJSKI 1 WARSZAWA, MAZOWIECKIE, 00-844
GSPSPLP1XXX;GOLDMAN SACHS POLAND SERVICES SPOLKA Z OGRANICZONA ODPOWIEDZ;WARSAW SPIRE PLAC EUROPEJSKI 1 WARSZAWA, MAZOWIECKIE, 00-844
UNOGMTM1XXX;UNIONGOLDENPAY LTD;FLAT 12, REGENT HOUSE BISAZZA STREET SLIEMA, SLIEMA, SLM 1640
XPATBGSFXXX;EXPAT ASSET MANAGEMENT EAD;GEORGI RAKOVSKI STR 96A  SOFIA, SOFIA, 1000
CNENPLP1XXX;CURRENCY ONE S.A.;SZYPERSKA 14, FLOOR V  POZNAN, WIELKOPOLSKIE, 61-754
SRZKPLPKXXX;BANK SPOLDZIELCZY RZEMIOSLA W KRAKOWIE;DUNAJEWSKIEGO 7  KRAKOW, MALOPOLSKIE, 31-133
AUFCMTM1XXX;AQA UCITS FUNDS SICAV PLC;TRIQ DUN KARM  BIRKIRKARA, BIRKIRKARA, BKR 9034
LSAVUYM1XXX;LATIN SECURITIES SA AGENTE DE VALORES;RUTA 8 KM 17 500 OF 215 FLOOR 2 MONTEVIDEO, MONTEVIDEO, 11000
VGAGBGSFXXX;VARENGOLD BANK AG, SOFIA BRANCH;CHRISTOPHER COLUMBUS BLVD 43 FLOOR 9 SOFIA, SOFIA, 1521
APAYMTMTXXX;TRUST PAYMENTS (MALTA) LTD;EUROPA BUSINESS CENTRE 2 1 TRIQ DUN KARM BIRKIRKARA, BIRKIRKARA, BKR 9034
PTFIPLPWSGM;PKO TOWARZYSTWO FUNDUSZY INWESTYCYJNYCH SA;UL CHLODNA 52  WARSZAWA, MAZOWIECKIE, 00-872
FINDMTMTXXX;FINDUCTIVE LTD.;FLOOR 2, CENTRIS BUSINESS GATEWAY II 46 TRIQ IS-SALIB TAL-IMRIEHEL BIRKIRKARA, BIRKIRKARA, CBD 3020
GSESMTMTXXX;GLOBAL SHARES EXECUTION SERVICES LIMITED;171 OLD BAKERY STREET  VALLETTA, VALLETTA, VLT 1455
PTFIPLPWAMM;PKO TOWARZYSTWO FUNDUSZY INWESTYCYJNYCH SA;UL CHLODNA 52  WARSZAWA, MAZOWIECKIE, 00-872
PTFIPLPWP25;PKO TOWARZYSTWO FUNDUSZY INWESTYCYJNYCH SA;UL CHLODNA 52  WARSZAWA, MAZOWIECKIE, 00-872
PTFIPLPWP30;PKO TOWARZYSTWO FUNDUSZY INWESTYCYJNYCH SA;UL CHLODNA 52  WARSZAWA, MAZOWIECKIE, 00-872
PTFIPLPWP35;PKO TOWARZYSTWO FUNDUSZY INWESTYCYJNYCH SA;UL CHLODNA 52  WARSZAWA, MAZOWIECKIE, 00-872
PTFIPLPWP40;PKO TOWARZYSTWO FUNDUSZY INWESTYCYJNYCH SA;UL CHLODNA 52  WARSZAWA, MAZOWIECKIE, 00-872
PTFIPLPWP45;PKO TOWARZYSTWO FUNDUSZY INWESTYCYJNYCH SA;UL CHLODNA 52  WARSZAWA, MAZOWIECKIE, 00-872
PTFIPLPWP50;PKO TOWARZYSTWO FUNDUSZY INWESTYCYJNYCH SA;UL CHLODNA 52  WARSZAWA, MAZOWIECKIE, 00-872
PTFIPLPWP55;PKO TOWARZYSTWO FUNDUSZY INWESTYCYJNYCH SA;UL CHLODNA 52  WARSZAWA, MAZOWIECKIE, 00-872
PTFIPLPWP60;PKO TOWARZYSTWO FUNDUSZY INWESTYCYJNYCH SA;UL CHLODNA 52  WARSZAWA, MAZOWIECKIE, 00-872
VPAYPLP2XXX;VIVA PAYMENT SERVICES SPOLKA AKCYJNA ODDZIAL W POLSCE;VILLA METRO BUSINESS HOUSE 145 WARSZAWA, MAZOWIECKIE, 02-715
EKIRPLPWXXX;KRAJOWA IZBA ROZLICZENIOWA S.A. (KIR S.A.);PILECKIEGO ST. 65  WARSZAWA, MAZOWIECKIE, 02-781
INMKBGSSXXX;IP INTERCAPITAL MARKETS AD;GEORGI SAVA RAKOVSKI 140 FLOOR 6 SOFIA, SOFIA, 1000
RSTAALTTXXX;ALBANIAN SECURITIES REGISTER ALREG;AP 3, KATI 1, FLOOR 3 RRUGA NIKOLLA TUPE 1, NJESIA BASHKIAKE 5 TIRANA, TIRANA, 1001
FEMAMTMAXXX;MULTITUDE BANK P.L.C.;FLOOR 9, ST BUSINESS CENTRE 120 THE STRAND GZIRA, GZIRA, GZR 1027
TOFNPLPPXXX;TOWARZYSTWO FUNDUSZY INWESTYCYJNYCH PZU SA;PZU PARK RONDO IGNACEGO DASZYNSKIEGO 4 WARSZAWA, MAZOWIECKIE, 00-843
INGBPLPHXXX;ING BANK HIPOTECZNY S.A.;CHORZOWSKA 50  KATOWICE, SLASKIE, 40-101
PZUSPLPPXXX;POWSZECHNY ZAKLAD UBEZPIECZEN SPOLKA AKCYJNA;PZU PARK RONDO IGNACEGO DASZYNSKIEGO 4 WARSZAWA, MAZOWIECKIE, 00-843
PZUZPLPPXXX;POWSZECHNY ZAKLAD UBEZPIECZEN NA ZYCIE SPOLKA AKCYJNA;PZU PARK RONDO IGNACEGO DASZYNSKIEGO 4 WARSZAWA, MAZOWIECKIE, 00-843
SDBMMCM2XXX;SOCIETE GENERALE (FORMERLY SOCIETE DE BANQUE MONACO);LE PARK PALACE 27 AVENUE DE LA COSTA MONACO, MONACO, 98000
PCCACLRZXXX;COMBANC S.A.;  
PTFIPLPWFNK;PKO TOWARZYSTWO FUNDUSZY INWESTYCYJNYCH SA;UL CHLODNA 52  WARSZAWA, MAZOWIECKIE, 00-872
PTFIPLPWMER;PKO TOWARZYSTWO FUNDUSZY INWESTYCYJNYCH SA;UL CHLODNA 52  WARSZAWA, MAZOWIECKIE, 00-872
PICTMCMCXXX;BANK PICTET AND CIE (EUROPE) AG, SUCCURSALE DE MONACO;VILLA MIRAFLORES 2 AVENUE SAINT-MICHEL MONACO, MONACO, 98000
SBMMMCMCXXX;SOCIETE ANONYME DES BAINS DE MER ET DU CERCLE DES ETRANGERS A MONACO;PLACE DU CASINO  MONACO, MONACO, 98000
PABYMTM2XXX;PAYBYPAGO;FLOOR 2 14 VAULT, VALLETTA WATERFRONT BIRKIRKARA, BIRKIRKARA, BKR 4013
PTFIPLPWEOS;PKO TOWARZYSTWO FUNDUSZY INWESTYCYJNYCH SA;UL CHLODNA 52  WARSZAWA, MAZOWIECKIE, 00-872
PTFIPLPWOBG;PKO TOWARZYSTWO FUNDUSZY INWESTYCYJNYCH SA;UL CHLODNA 52  WARSZAWA, MAZOWIECKIE, 00-872
PTFIPLPWORP;PKO TOWARZYSTWO FUNDUSZY INWESTYCYJNYCH SA;UL CHLODNA 52  WARSZAWA, MAZOWIECKIE, 00-872
ITHOMTM2XXX;A2A INTERNATIONAL HOLDINGS LIMITED;VILLA MALITAH MEDITERRANEAN STREET ST. JULIAN'S, ST. JULIAN'S, STJ 3155
MBWMMTMT010;MEDIRECT BANK (MALTA) PLC;FLOOR 1, THE CENTRE TIGNE POINT SLIEMA, SLIEMA, TPO 0001
MAGDCLRMXXX;MONEDA S.A. ADMINISTRADORA GENERAL DE FONDOS;  
EDMBMTM2XXX;EUROPEAN DEPOSITARY BANK SA MALTA BRANCH;FLOOR 1A, CENTRAL NORTH BUSINESS CENTRE SQAQ IL-FAWWARA SLIEMA, SLIEMA, SLM 1670
EVNEMTM2XXX;EVEREST NETWORK LTD.;OFFICE 1/1165, FLOOR G, QUANTUM HOUSE 75 ABATE RIGORD STREET TA'XBIEX, TA'XBIEX, XBX 1120
EAPSBGS2XXX;EASY PAYMENT SERVICES LTD;JAWAHARLAL NEHRU BLVD 28, 7 LYULIN RESIDENTIAL AREA, FLOOR 2, OFFICE SOFIA, SOFIA, 1324
AFPPCLR2XXX;ADMINISTRADORA DE FONDOS DE PENSIONES PROVIDA S.A.;AVENIDA PEDRO DE VALDIVIA 100 FLOOR 9 PROVIDENCIA - SANTIAGO PROVINCIA DE SANTIAGO, 7580502
TRPEMTMTXXX;TRUEVO PAYMENTS LTD;FLOOR 3, THE WATERCOURSE  BIRKIRKARA, BIRKIRKARA, CBD 2010
WSPDPLPPXXX;WARMINSKO-MAZURSKI BANK SPOLDZIELCZY (WARMIA MASURIA COOPERATIVE BANK);UL. GIZEWIUSZA 2A  PISZ, WARMINSKO-MAZURSKIE, 12-200
VPAYBGS2XXX;VIVA PAYMENT SERVICES S.A. BULGARIA BRANCH;SVETA NEDELYA SQ. 16 FLOOR 2, OFFICE 3 SOFIA, SOFIA, 1000
BREXPLPWDKS;MBANK S.A. (FORMERLY BRE BANK S.A.);SENATORSKA 18  WARSZAWA, MAZOWIECKIE, 00-950
RMMNMTM2XXX;RMB MANAGEMENT LIMITED;113B PAOLA ROAD  TARXIEN, TARXIEN, TXN 1807
MYFNBGSFXXX;MYFIN EAD;TSARIGRADSKO SHOSE BLVD. 111P  SOFIA, SOFIA, 1784
SPBCPLPPXXX;BANK SPOLDZIELCZY W BYDGOSZCZY;KOLLATAJA 8  - BYDGOSZCZ KUJAWSKO-POMORSKIE, 85-080 
PTFIPLPWFOS;PKO TOWARZYSTWO FUNDUSZY INWESTYCYJNYCH SA;UL CHLODNA 52  WARSZAWA, MAZOWIECKIE, 00-872
PICTMCMCCOR;BANK PICTET AND CIE (EUROPE) AG, SUCCURSALE DE MONACO;VILLA MIRAFLORES 2 AVENUE SAINT-MICHEL MONACO, MONACO, 98000
BCECCLR2XXX;BANCO CENTRAL DE CHILE;  
LLBBLV2X222;SIGNET BANK AS;ANTONIJAS 3  RIGA, RIGA, LV-1010
PTFIPLPWE70;PKO TOWARZYSTWO FUNDUSZY INWESTYCYJNYCH SA;UL CHLODNA 52  WARSZAWA, MAZOWIECKIE, 00-872
IGTRPLPWXXX;IGORIA TRADE S.A.;UL. PULAWSKA 111A, FLOOR 5  WARSZAWA, MAZOWIECKIE, 02-707
MNAAPLP2XXX;ACE EUROPE SP. Z O.O.;PLAC UNII, BUDYNEK B PULAWSKA 2, FLOOR 3 WARSZAWA, MAZOWIECKIE, 02-566
PKOPPLPWSMK;BANK POLSKA KASA OPIEKI SA - BANK PEKAO SA;WOLOSKA 18, FLOOR V  WARSZAWA, MAZOWIECKIE, 02-675
PTFIPLPWFEO;PKO TOWARZYSTWO FUNDUSZY INWESTYCYJNYCH SA;UL CHLODNA 52  WARSZAWA, MAZOWIECKIE, 00-872
PTFIPLPWP65;PKO TOWARZYSTWO FUNDUSZY INWESTYCYJNYCH SA;UL CHLODNA 52  WARSZAWA, MAZOWIECKIE, 00-872
CBBRLV22TIP;BLUOR BANK AS;SMILSU IELA 6  RIGA, RIGA, LV-1050
CFTEMTM3XXX;OPENPAYD FINANCIAL SERVICES MALTA LTD;FLOOR 3 137 SPINOLA ROAD - ST JULIAN'S, ST. JULIAN'S, STJ 3140 
RIBRLV22TIP;REGIONALA INVESTICIJU BANKA;J. ALUNANA 2  RIGA, RIGA, LV-1010
BIGKBGSFXXX;BIGBANK AS - BRANCH BULGARIA;BOULEVARD GEN. EDUARD I. TOTLEBEN 53-55 FLOOR 2 SOFIA, SOFIA, 1606
KKSLLV22XXX;KOOPERATIVA KRAJAIZDEVU SABIEDRIBA ALFABETA;AUSEKLA STREET 3-60  RIGA, RIGA, LV-1050
APAHMTMTXXX;ALPHA FX EUROPE LIMITED;171 OLD BAKERY STREET  VALLETTA, VALLETTA, VLT 1455
UNLALV2XTPS;SEB BANKA;SEB FINANCE CENTER MEISTARU 1, VALDLAUCI, KEKAVAS PAG RIGA, RIGA, LV-1076
REVCMTM2XXX;REPLICA SICAV PLC;FLOOR 1, CENTRAL NORTH BUSINESS CENTRE SQAQ IL-FAWWARA SLIEMA, SLIEMA, SLM 1670
ECCVCLRSXXX;CCLV, CONTRAPARTE CENTRAL S.A.;  
BMPBPLPPXXX;AION BANK S.A.;DOBRA 40  WARSZAWA, MAZOWIECKIE, 00-344
HABALV22TIP;SWEDBANK AS;BALASTA DAMBIS 1A  RIGA, RIGA, LV-1048
PARXLV22TIP;JSC CITADELE BANKA;REPUBLIKAS LAUKUMS 2A  RIGA, RIGA, LV-1010
MFMAMTM2XXX;MIFINITY MALTA LIMITED;FLOOR 3, TOWER BUSINESS CENTRE TOWER STREET BIRKIRKARA, BIRKIRKARA, BKR 4013
NWDMPLP2XXX;NWAI DOM MAKLERSKI S.A.;NOWY SWIAT 64  WARSZAWA, MAZOWIECKIE, 00-357
MSDMPLP2XXX;MICHAEL STROM DOM MAKLERSKI S.A.;ALEJE JEROZOLIMSKIE 100, FLOOR 6  WARSZAWA, MAZOWIECKIE, 00-807
TRELLV22ZIB;TREASURY OF THE REPUBLIC OF LATVIA, THE;SMILSU STREET 1  RIGA, RIGA, LV-1919
FEMAMTMADCA;MULTITUDE BANK P.L.C.;FLOOR 9, ST BUSINESS CENTRE 120 THE STRAND GZIRA, GZIRA, GZR 1027
PYMXMTMAXXX;FINANCE INCORPORATED LIMITED;THE PENTHOUSE TAZ-ZWEJT STREET SAN GWANN, SAN GWANN, SGN 3000
ANFVMTMMXXX;ANDARIA FINANCIAL SERVICES LIMITED;FLOOR 2, MELITA COURT GIUSEPPE CALI STREET, C/W TRIQ ABATE RIGORD TA'XBIEX, TA'XBIEX, XBX 1420
LAPBLV2XTIP;AS MAGNETIQ BANK;BRIVIBAS IELA 54  RIGA, RIGA, LV-1011
BCECCLRMFCE;BANCO CENTRAL DE CHILE;  
BCECCLRMFES;BANCO CENTRAL DE CHILE;  
BCECCLRMFRP;BANCO CENTRAL DE CHILE;  
EMOEMTM2XXX;EMONEY PLC;TRIQ IX XATT TA' XBIEX  MSIDA, MSIDA, MSD 1516
SDBMMCM2TPS;SOCIETE GENERALE (FORMERLY SOCIETE DE BANQUE MONACO);LE PARK PALACE 27 AVENUE DE LA COSTA MONACO, MONACO, 98000
LACBLV2XZMS;BANK OF LATVIA;K. VALDEMARA STREET 2A  RIGA, RIGA, LV-1050
AFPCCLRSXXX;AFP CUPRUM, S.A.;  
CBEUUYMM0ME;EUROCAM SA;  MONTEVIDEO, MONTEVIDEO
CBEUUYMM0MG;EUROCAM SA;18 DE JULIO 1459  MONTEVIDEO, MONTEVIDEO, 11200
ECFEBG22XXX;ECONT FINANCIAL SERVICES LTD;SLAVYANSKI BLVD 16  RUSE, RUSE, 7000
LTZIBG22XXX;LTZ INVESTMENTS LTD;UL. ATON 1A BUILDING 6, FLOOR 5, APT. 26 PLOVDIV, PLOVDIV, 4001
RIKOLV2XIPA;LUMINOR BANK AS LATVIAN BRANCH;SKANSTES STREET 12  RIGA, RIGA, LV-1013
TEPJBGSFXXX;TENEN PAYMENTS JSC;STRANDZHA STR 52  SOFIA, SOFIA, 1303
PTFIPLPWGPL;PKO TOWARZYSTWO FUNDUSZY INWESTYCYJNYCH SA;UL CHLODNA 52  WARSZAWA, MAZOWIECKIE, 00-872
BCECCLRMCSH;BANCO CENTRAL DE CHILE;  
PANXLV22XXX;UNIFIEDPOST PAYMENTS SA FILIALE LATVIJA;DELU IELA 4  RIGA, RIGA, LV-1004
VPAYMTM2XXX;VIVA PAYMENT SERVICES SINGLE MEMBER S.A. MALTA BRANCH;FLOOR 5, OHEA BUILDINGS 6 SIR WILLIAM REID STREET GZIRA, GZIRA, GZR 1362
PANXPLP2XXX;UNIFIEDPOST PAYMENTS JOINT STOCK COMPANY, BRANCH IN POLAND;AL. ALEJE JEROZOLIMSKIE 123A  WARSZAWA, MAZOWIECKIE, 02-017
SOGEMCM1TPS;SOCIETE GENERALE MONTE CARLO (MONACO);PALAIS DE LA SCALA 16 AVENUE DE LA COSTA MONACO, MONACO, 98007
ALBPPLPWCUS;ALIOR BANK SPOLKA AKCYJNA;LOPUSZANSKA BUSINESS PARK LOPUSZANSKA 38 D WARSZAWA, MAZOWIECKIE, 02-232
BATSCLR2XXX;BRITISH AMERICAN TOBACCO CHILE OPERACIONES S.A.;RUTA 68 S/N FUNDO LA ROTUNDA CASABLANCA, CASABLANCA-SETTAT 2480000
BATSCLR3XXX;BAT CHILE S.A;  
AKFSMTM2XXX;TRIVE FINANCIAL SERVICES MALTA LTD;THE PENTHOUSE, FLOOR 5, LIFESTAR BUILDING TRIQ TESTAFERRATA TA'XBIEX, TA'XBIEX, XBX 1403
LCDELV22EEX;NASDAQ CSD SE;VALNU STREET 1  RIGA, RIGA, LV-1050
LCDELV22LTX;NASDAQ CSD SE;VALNU STREET 1  RIGA, RIGA, LV-1050
LCDELV22LVX;NASDAQ CSD SE;VALNU STREET 1  RIGA, RIGA, LV-1050
BLIKPLPWXXX;POLSKI STANDARD PLATNOSCI SP. Z O.O.;CZERNIAKOWSKA X20, 97A, FLOOR 2  WARSZAWA, MAZOWIECKIE, 00-718
CITIPLPXBRO;BANK HANDLOWY W WARSZAWIE SA;SENATORSKA 16  WARSZAWA, MAZOWIECKIE, 00-923
LCDELV22CLM;NASDAQ CSD SE;VALNU STREET 1  RIGA, RIGA, LV-1050
ISAOPLPPXXX;AS INBANK SPOLKA AKCYJNA ODDZIAL W POLSCE;RIVERSIDE PARK FABRYCZNA 5A WARSZAWA, MAZOWIECKIE, 00-446
EKIRPLS1XXX;KRAJOWA IZBA ROZLICZENIOWA S.A. (KIR S.A.);RTM. PILECKIEGO 65  WARSZAWA, MAZOWIECKIE, 02-781
NOSJPLPPXXX;BANK NOWY SPOLKA AKCYJNA;UL. MALE GARBARY 8  POZNAN, WIELKOPOLSKIE, 61-756
PYMXMTMTMAL;FINANCE INCORPORATED LIMITED;BLOCK A, FLOOR 2, CAPITAL BUSINESS CENTRE TRIQ TAZ- ZWEJT SAN GWANN, SAN GWANN, SGN 3000
FNTMPLP2XXX;FINTECOM SP. Z O.O.;MARSZALKA JOZEFA PILSUDSKIEGO 45 KOSZALIN, ZACHODNIOPOMORSKIE 75-502
CCUHMTMTMBB;MONEYBASE;FLOOR GF, EWROPA BUSINESS CENTRE TRIQ DUN KARM BIRKIRKARA, BIRKIRKARA, BKR 9034
DIEUMTMTXXX;DERIV INVESTMENTS (EUROPE) LIMITED;FLOOR 3, W BUSINESS CENTRE TRIQ DUN KARM BIRKIRKARA, BIRKIRKARA, BKR 9033
TPMLMTMTXXX;TRANSACT PAYMENTS MALTA LTD;FLOOR 1, SOHO STRAND FAWWARA BUILDING TRIQ I-IMSIDA GZIRA, GZIRA, GZR 1401
TIMVMTM2XXX;TIMBERLAND INVEST LIMITED;ARAGON HOUSE BUSINESS CENTRE DRAGONARA ROAD - ST. JULIAN'S, ST JULIAN'S, STJ 3140
LAVFLV22XXX;TF BANK AB LATVIJAS FILIALE;DELU IELA 4  RIGA, RIGA, LV-1004
MTCCMTMTSTJ;MTACC LIMITED;ST JULIANS BUSINESS CENTRE 2 ELIA ZAMMIT STREET - ST. JULIAN'S, ST JULIAN'S, STJ 3153
NEXDMTM2XXX;NEXTMARKETS TRADING LTD;  
AFNTCLRSXXX;ADMINISTRADORA DE FONDOS DE PENSIONES CAPITAL S.A.;  
BCECCLRRXXX;BANCO CENTRAL DE CHILE;  
MOPZPLP2XXX;MONEZIUM SP.Z.O.O;LOK. 700 GRZYBOWSKA 80/82 WARSZAWA, MAZOWIECKIE, 00-844
PYMNBGS2XXX;PAYMAN GROUP OOD;STR. BULGARIA 49 BUSINESS CENTER VITOSHA, FLOOR 1 SOFIA, SOFIA, 1404
ICDRMTMTXXX;INSIGNIA CARDS LIMITED;FLOOR 4, PALAZZO SPINOLA 46 ST. CHRISTOPHER STREET VALLETTA, VALLETTA, VLT 1464
CCTUCLRRXXX;CENTRO DE COMPENSACION AUTOMATIZADO S.A.;  
PCCACLR2XXX;COMBANC S.A.;CERRO COLORADO 5240, FLOOR 8 TORRE 2 - SANTIAGO, PROVINCIA DE SANTIAGO, 8320000
APAHMTMVXXX;ALPHA FX EUROPE LIMITED;171 OLD BAKERY STREET  VALLETTA, VALLETTA, VLT 1455
DPCDBGS2XXX;DATECS PAYMENT TECHNOLOGY EAD;TSARIGRADSKO SHOSSE 115A FLOOR 6-TH SOFIA, SOFIA, 1784
CBBRLV22OVE;BLUOR BANK AS;SMILSU IELA 6  RIGA, RIGA, LV-1050
MIMKLV22XXX;MINTOS MARKETPLACE AS;FLOOR 6TH, SKANSTES CITY SKANSTES STREET 50 RIGA, RIGA, LV-1013
KGITMTMTXXX;KAIZEN GAMING INTERNATIONAL LIMITED;FLAT B8, THE ATRIUM WEST STREET MSIDA, MSIDA, MSD 1731
BNBGBGSEXXX;BULGARIAN NATIONAL BANK;KNYAZ ALEXANDER I SQUARE 1  SOFIA, SOFIA, 1000
BSBGBGSFST2;BORICA AD;TZAR BORIS III BLVD. 41  SOFIA, SOFIA, 1612
BSBGBGSFTPS;BORICA AD;TZAR BORIS III BLVD. 41  SOFIA, SOFIA, 1612
BNBGBGSAXXX;BULGARIAN NATIONAL BANK;ALEXANDER BATTENBERG SQUARE 1  SOFIA, SOFIA, 1000
BNBGBGSBXXX;BULGARIAN NATIONAL BANK;ALEXANDER BATTENBERG SQUARE 1  SOFIA, SOFIA, 1000
TPEOPLPWXXX;PEKAO TFI S.A.;FOREST ZUBRA 1, FLOOR 1 WARSZAWA, MAZOWIECKIE, 01-066
JOPSLV22XXX;JOOL PAY SIA;LIELIRBES 27  RIGA, RIGA, LV-1046
LCDELV22CEE;NASDAQ CSD SE;VALNU STREET 1  RIGA, RIGA, LV-1050
LCDELV22CLT;NASDAQ CSD SE;VALNU STREET 1  RIGA, RIGA, LV-1050
FNOBCLR2XXX;FINANZAS Y NEGOCIOS S.A. CORREDORES DE BOLSA;ISIDORA GOYENECHEA 3477, FLOOR 11 LAS CONDES - SANTIAGO, PROVINCIA DE SANTIAGO, 7550106
AGDSCLRSXXX;ADMINISTRADORA GENERAL DE FONDOS SURA S.A.;AV. APOQUINDO 4820, FLOOR 15  SANTIAGO, SANTIAGO, 8320000
DOAVMCMCXXX;DOXA ADVISORS S.A.M.;LES CARAVELLES  MONACO, MONACO, 98000
EMSYMTMTXXX;EMP SYSTEMS LIMITED;PARTHENON BUILDING  SLIEMA, TAS-SLIEMA, SLM 3141
MALTMTMTECM;CENTRAL BANK OF MALTA;CASTILLE PLACE  VALLETTA, VALLETTA
GUAVPLPPXXX;GUAVAPAY POLAND SPOLKA Z OGRANICZONA ODPOWIEDZIALNOSCIA;SW. MIKOLAJA 8/11  WROCLAW, WROCLAW, 50-125
BSBGBGS2XXX;BORICA AD;TZAR BORIS III BLVD. 41  SOFIA, SOFIA, 1612
CEDPBGSFCLX;CENTRAL DEPOSITORY AD;TRI USHI STREET 6  SOFIA, SOFIA, 1000
IDXOLV22XXX;INDEXO BANKA AS;ELIZABETES STREET 13-1A  RIGA, RIGA, LV-1010
THRIBGS2XXX;THRACIAN INVEST INC.;OKOLOVRASTEN PAT 251G MM BUSINESS CENTER, FLOOR 4, MLADOST 4 SOFIA, SOFIA, 1715
FESKPLP2XXX;FENIGE SPOLKA AKCYJNA;PROMIENNA 38/1  WARSZAWA, MAZOWIECKIE, 03-672
BLLGMTMBXXX;BALLINGER EU LIMITED;FLOOR 2, TRIDENT PARK, NOTABILE GARDENS 7 MDINA ROAD, ZONE 2 BIRKIRKARA, BIRKIRKARA, CBD 2010
BLLGMTMTXXX;BALLINGER MARKETS LTD.;FLOOR 2, TRIDENT PARK NOTABILE G 7 MDINA ROAD, ZONE 2 BIRKIRKARA, BIRKIRKARA, CBD 2010
LACBLV2XEKS;BANK OF LATVIA;K. VALDEMARA STREET 2A  RIGA, RIGA, LV-1050
SIAXLV22XXX;SIA 'XPATE';DZIRNAVU 42  RIGA, RIGA, LV-1010
TRUMMTM2XXX;TRUMIA LIMITED;FLOOR 3, QUAD CENTRAL Q3 TRIQ L-ESPLORATURI, ZONE 1, CENTRAL BIRKIRKARA, BIRKIRKARA, CBD 1040
SOOZPLPPXXX;STOCK POLSKA SPOLKA Z OGRANICZONA ODPOWIEDZIALNOSCIA;SPOLDZIELCZA 6  LUBLIN, LUBELSKIE, 20-402
NBPLPLPDREZ;NARODOWY BANK POLSKI;UL. SWIETOKRZYSKA 11/21  WARSZAWA, MAZOWIECKIE, 00-919
MSEMMCMCXXX;MONACO SPORTS AND MANAGEMENT S.A.M.;FLOOR 5, EST-OUEST 24 BOULEVARD PRINCESSE CHARLOTTE, MONTE CARLO MONACO, MONACO, 98000
RTMBLV2XTIP;RIETUMU BANKA;VESETAS STREET 7  RIGA, RIGA, LV-1013
SYPLMTM2XXX;SYSTEM PAY SERVICES (MALTA) LIMITED;68, NORTHFIELDS PENTHOUSE 9 INDEPENDENCE AVENUE MOSTA, MOSTA
LAPBLV2X011;AS LPB BANK;BRIVIBAS IELA 54  RIGA, RIGA, LV-1011
KDPWPLPW1AM;KRAJOWY DEPOZYT PAPIEROW WARTOSCIOWYCH SPOLKA AKCYJNA;UL. KSIAZECA 4  WARSZAWA, MAZOWIECKIE, 00-498
KDPWPLPWCAP;KRAJOWY DEPOZYT PAPIEROW WARTOSCIOWYCH SPOLKA AKCYJNA;UL. KSIAZECA 4 4  WARSZAWA, MAZOWIECKIE, 00-498
KDPWPLPWPEN;KRAJOWY DEPOZYT PAPIEROW WARTOSCIOWYCH SPOLKA AKCYJNA;UL. KSIAZECA 4  WARSZAWA, MAZOWIECKIE, 00-498
CULRMTMMXXX;CULTURA LIMITED;UNIT A, GROUND FLOOR Q2, TIGNE POINT SLIEMA, TAS-SLIEMA, SLM 3190
IFSMMTM2XXX;IXARIS FINANCIAL SERVICES MALTA LIMITED;PENTHOUSE, CAPITAL BUSINESS CENTRE TRIQ TAZ-ZWEJT SAN GWANN, SAN GWANN, SGN 3000
TPEOPLPWAAS;PEKAO TOWARZYSTWO FUNDUSZY  INWESTYCYJNYCH SPOLKA AKCYJNA;FOREST ZUBRA 1, FLOOR 1 WARSZAWA, MAZOWIECKIE, 01-066
TPEOPLPWARW;PEKAO TOWARZYSTWO FUNDUSZY  INWESTYCYJNYCH SPOLKA AKCYJNA;FOREST ZUBRA 1, FLOOR 1 WARSZAWA, MAZOWIECKIE, 01-066
TPEOPLPWASZ;PEKAO TOWARZYSTWO FUNDUSZY  INWESTYCYJNYCH SPOLKA AKCYJNA;FOREST ZUBRA 1, FLOOR 1 WARSZAWA, MAZOWIECKIE, 01-066
TPEOPLPWAUS;PEKAO TOWARZYSTWO FUNDUSZY  INWESTYCYJNYCH SPOLKA AKCYJNA;FOREST ZUBRA 1, FLOOR 1 WARSZAWA, MAZOWIECKIE, 01-066
TPEOPLPWB15;PEKAO TOWARZYSTWO FUNDUSZY  INWESTYCYJNYCH SPOLKA AKCYJNA;FOREST ZUBRA 1, FLOOR 1 WARSZAWA, MAZOWIECKIE, 01-066
TPEOPLPWBOW;PEKAO TOWARZYSTWO FUNDUSZY  INWESTYCYJNYCH SPOLKA AKCYJNA;FOREST ZUBRA 1, FLOOR 1 WARSZAWA, MAZOWIECKIE, 01-066
TPEOPLPWCHI;PEKAO TOWARZYSTWO FUNDUSZY  INWESTYCYJNYCH SPOLKA AKCYJNA;FOREST ZUBRA 1, FLOOR 1 WARSZAWA, MAZOWIECKIE, 01-066
TPEOPLPWDA2;PEKAO TOWARZYSTWO FUNDUSZY  INWESTYCYJNYCH SPOLKA AKCYJNA;FOREST ZUBRA 1, FLOOR 1 WARSZAWA, MAZOWIECKIE, 01-066
TPEOPLPWDUS;PEKAO TOWARZYSTWO FUNDUSZY  INWESTYCYJNYCH SPOLKA AKCYJNA;FOREST ZUBRA 1, FLOOR 1 WARSZAWA, MAZOWIECKIE, 01-066
TPEOPLPWEKO;PEKAO TOWARZYSTWO FUNDUSZY  INWESTYCYJNYCH SPOLKA AKCYJNA;FOREST ZUBRA 1, FLOOR 1 WARSZAWA, MAZOWIECKIE, 01-066
TPEOPLPWKOM;PEKAO TOWARZYSTWO FUNDUSZY  INWESTYCYJNYCH SPOLKA AKCYJNA;FOREST ZUBRA 1, FLOOR 1 WARSZAWA, MAZOWIECKIE, 01-066
TPEOPLPWKON;PEKAO TOWARZYSTWO FUNDUSZY  INWESTYCYJNYCH SPOLKA AKCYJNA;FOREST ZUBRA 1, FLOOR 1 WARSZAWA, MAZOWIECKIE, 01-066
TPEOPLPWKOP;PEKAO TOWARZYSTWO FUNDUSZY  INWESTYCYJNYCH SPOLKA AKCYJNA;FOREST ZUBRA 1, FLOOR 1 WARSZAWA, MAZOWIECKIE, 01-066
TPEOPLPWMEG;PEKAO TOWARZYSTWO FUNDUSZY  INWESTYCYJNYCH SPOLKA AKCYJNA;FOREST ZUBRA 1, FLOOR 1 WARSZAWA, MAZOWIECKIE, 01-066
TPEOPLPWOBP;PEKAO TOWARZYSTWO FUNDUSZY  INWESTYCYJNYCH SPOLKA AKCYJNA;FOREST ZUBRA 1, FLOOR 1 WARSZAWA, MAZOWIECKIE, 01-066
TPEOPLPWODO;PEKAO TOWARZYSTWO FUNDUSZY  INWESTYCYJNYCH SPOLKA AKCYJNA;FOREST ZUBRA 1, FLOOR 1 WARSZAWA, MAZOWIECKIE, 01-066
TPEOPLPWODP;PEKAO TOWARZYSTWO FUNDUSZY  INWESTYCYJNYCH SPOLKA AKCYJNA;FOREST ZUBRA 1, FLOOR 1 WARSZAWA, MAZOWIECKIE, 01-066
TPEOPLPWOST;PEKAO TOWARZYSTWO FUNDUSZY  INWESTYCYJNYCH SPOLKA AKCYJNA;FOREST ZUBRA 1, FLOOR 1 WARSZAWA, MAZOWIECKIE, 01-066
TPEOPLPWPAD;PEKAO TOWARZYSTWO FUNDUSZY  INWESTYCYJNYCH SPOLKA AKCYJNA;FOREST ZUBRA 1, FLOOR 1 WARSZAWA, MAZOWIECKIE, 01-066
TPEOPLPWPDA;PEKAO TOWARZYSTWO FUNDUSZY  INWESTYCYJNYCH SPOLKA AKCYJNA;FOREST ZUBRA 1, FLOOR 1 WARSZAWA, MAZOWIECKIE, 01-066
TPEOPLPWPDS;PEKAO TOWARZYSTWO FUNDUSZY  INWESTYCYJNYCH SPOLKA AKCYJNA;FOREST ZUBRA 1, FLOOR 1 WARSZAWA, MAZOWIECKIE, 01-066
TPEOPLPWPOS;PEKAO TOWARZYSTWO FUNDUSZY  INWESTYCYJNYCH SPOLKA AKCYJNA;FOREST ZUBRA 1, FLOOR 1 WARSZAWA, MAZOWIECKIE, 01-066
TPEOPLPWSEN;PEKAO TOWARZYSTWO FUNDUSZY  INWESTYCYJNYCH SPOLKA AKCYJNA;FOREST ZUBRA 1, FLOOR 1 WARSZAWA, MAZOWIECKIE, 01-066
TPEOPLPWSGD;PEKAO TOWARZYSTWO FUNDUSZY  INWESTYCYJNYCH SPOLKA AKCYJNA;FOREST ZUBRA 1, FLOOR 1 WARSZAWA, MAZOWIECKIE, 01-066
TPEOPLPWSGF;PEKAO TOWARZYSTWO FUNDUSZY  INWESTYCYJNYCH SPOLKA AKCYJNA;FOREST ZUBRA 1, FLOOR 1 WARSZAWA, MAZOWIECKIE, 01-066
TPEOPLPWSGK;PEKAO TOWARZYSTWO FUNDUSZY  INWESTYCYJNYCH SPOLKA AKCYJNA;FOREST ZUBRA 1, FLOOR 1 WARSZAWA, MAZOWIECKIE, 01-066
TPEOPLPWSIN;PEKAO TOWARZYSTWO FUNDUSZY  INWESTYCYJNYCH SPOLKA AKCYJNA;FOREST ZUBRA 1, FLOOR 1 WARSZAWA, MAZOWIECKIE, 01-066
TPEOPLPWSRR;PEKAO TOWARZYSTWO FUNDUSZY  INWESTYCYJNYCH SPOLKA AKCYJNA;FOREST ZUBRA 1, FLOOR 1 WARSZAWA, MAZOWIECKIE, 01-066
TPEOPLPWSTW;PEKAO TOWARZYSTWO FUNDUSZY  INWESTYCYJNYCH SPOLKA AKCYJNA;FOREST ZUBRA 1, FLOOR 1 WARSZAWA, MAZOWIECKIE, 01-066
TPEOPLPWZRO;PEKAO TOWARZYSTWO FUNDUSZY  INWESTYCYJNYCH SPOLKA AKCYJNA;FOREST ZUBRA 1, FLOOR 1 WARSZAWA, MAZOWIECKIE, 01-066
TPEOPLPWOEP;PEKAO TOWARZYSTWO FUNDUSZY  INWESTYCYJNYCH SPOLKA AKCYJNA;FOREST ZUBRA 1, FLOOR 1 WARSZAWA, MAZOWIECKIE, 01-066
TPEOPLPWP20;PEKAO TOWARZYSTWO FUNDUSZY  INWESTYCYJNYCH SPOLKA AKCYJNA;FOREST ZUBRA 1, FLOOR 1 WARSZAWA, MAZOWIECKIE, 01-066
TPEOPLPWP25;PEKAO TOWARZYSTWO FUNDUSZY  INWESTYCYJNYCH SPOLKA AKCYJNA;FOREST ZUBRA 1, FLOOR 1 WARSZAWA, MAZOWIECKIE, 01-066
TPEOPLPWP30;PEKAO TOWARZYSTWO FUNDUSZY  INWESTYCYJNYCH SPOLKA AKCYJNA;FOREST ZUBRA 1, FLOOR 1 WARSZAWA, MAZOWIECKIE, 01-066
TPEOPLPWP35;PEKAO TOWARZYSTWO FUNDUSZY  INWESTYCYJNYCH SPOLKA AKCYJNA;FOREST ZUBRA 1, FLOOR 1 WARSZAWA, MAZOWIECKIE, 01-066
TPEOPLPWP40;PEKAO TOWARZYSTWO FUNDUSZY  INWESTYCYJNYCH SPOLKA AKCYJNA;FOREST ZUBRA 1, FLOOR 1 WARSZAWA, MAZOWIECKIE, 01-066
TPEOPLPWP45;PEKAO TOWARZYSTWO FUNDUSZY  INWESTYCYJNYCH SPOLKA AKCYJNA;FOREST ZUBRA 1, FLOOR 1 WARSZAWA, MAZOWIECKIE, 01-066
TPEOPLPWP50;PEKAO TOWARZYSTWO FUNDUSZY  INWESTYCYJNYCH SPOLKA AKCYJNA;FOREST ZUBRA 1, FLOOR 1 WARSZAWA, MAZOWIECKIE, 01-066
TPEOPLPWP55;PEKAO TOWARZYSTWO FUNDUSZY  INWESTYCYJNYCH SPOLKA AKCYJNA;FOREST ZUBRA 1, FLOOR 1 WARSZAWA, MAZOWIECKIE, 01-066
TPEOPLPWP60;PEKAO TOWARZYSTWO FUNDUSZY  INWESTYCYJNYCH SPOLKA AKCYJNA;FOREST ZUBRA 1, FLOOR 1 WARSZAWA, MAZOWIECKIE, 01-066
TPEOPLPWP65;PEKAO TOWARZYSTWO FUNDUSZY  INWESTYCYJNYCH SPOLKA AKCYJNA;FOREST ZUBRA 1, FLOOR 1 WARSZAWA, MAZOWIECKIE, 01-066
TPEOPLPWPAE;PEKAO TOWARZYSTWO FUNDUSZY  INWESTYCYJNYCH SPOLKA AKCYJNA;FOREST ZUBRA 1, FLOOR 1 WARSZAWA, MAZOWIECKIE, 01-066
TPEOPLPWPFI;PEKAO TOWARZYSTWO FUNDUSZY  INWESTYCYJNYCH SPOLKA AKCYJNA;FOREST ZUBRA 1, FLOOR 1 WARSZAWA, MAZOWIECKIE, 01-066
TPEOPLPWPOD;PEKAO TOWARZYSTWO FUNDUSZY  INWESTYCYJNYCH SPOLKA AKCYJNA;FOREST ZUBRA 1, FLOOR 1 WARSZAWA, MAZOWIECKIE, 01-066
IGESPLPPXXX;INTEGER GROUP SERVICES SPOLKA Z OGRANICZONA ODPOWIEDZIALNOSCIA;OCEAN OFFICE PARK UL. PANA TADEUSZA 4, FLOOR 5 KRAKOW, MALOPOLSKIE, 30-727
TPEOPLPWZRA;PEKAO TFI S.A.;FOREST ZUBRA 1, FLOOR 1 WARSZAWA, MAZOWIECKIE, 01-066
BSBGBGSFBOR;BORICA AD;TZAR BORIS III BLVD 41  SOFIA, SOFIA, 1612
STANALTAXXX;BANK OF ALBANIA;  TIRANA, TIRANA, 1001
IDXOLV22TIP;AS INDEXO BANKA;ELIZABETES STREET 13-1A  RIGA, RIGA, LV-1010
KCCPPLPW1AM;KDPW CCP;KSIAZECA 4  WARSZAWA, MAZOWIECKIE, 00-498
KDPWPLPAASD;KRAJOWY DEPOZYT PAPIEROW WARTOSCIOWYCH SPOLKA AKCYJNA;KSIAZECA 4 4  WARSZAWA, MAZOWIECKIE, 00-498
PYALALT2XXX;PAYSERA ALBANIA;PALLATI DONIKA, FLOOR KATI 3 RR. FADIL RADA TIRANA, TIRANA, 1001
